Rbr.županije;Županija;Oznaka GROP;Grad/općina;Rbr BM;Naziv BM;Lokacija BM;Adresa BM;Ukupno birača;Glasovalo birača;Glasovalo birača (po listićima);Važeći listići;Nevažeći listići;DOMOVINSKI POKRET - DP;DUBROVAČKA STRANKA - DUSTRA;DUBROVAČKI DEMOKRATSKI SABOR - DDS;HRVATSKA DEMOKRATSKA ZAJEDNICA - HDZ, HRVATSKA SOCIJALNO - LIBERALNA STRANKA - HSLS, HRVATSKA SELJAČKA STRANKA - HSS, HRVATSKA STRANKA UMIROVLJENIKA - HSU, HRVATSKI SUVERENISTI;MOST;SOCIJALDEMOKRATSKA PARTIJA HRVATSKE - SDP, HRVATSKA NARODNA STRANKA - LIBERALNI DEMOKRATI - HNS;SRĐ JE GRAD - SJG, MOŽEMO! - POLITIČKA PLATFORMA, NOVA LJEVICA - NL, ZAOKRET - NEZAVISNA LISTA - Zaokret
19;DUBROVAČKO-NERETVANSKA ŽUPANIJA;grad;DUBROVNIK;001;BRSEČINE M.O. BRSEČINE;MJESNI ODBOR BRSEČINE;BRSEČINE BB;83;63;63;63;0;1;1;13;43;1;2;2
19;DUBROVAČKO-NERETVANSKA ŽUPANIJA;grad;DUBROVNIK;002;DUBRAVICA M.O.DUBRAVICA;KUĆA ANE MILIĆ;DUBRAVICA BB;29;21;21;21;0;1;1;7;8;3;1;0
19;DUBROVAČKO-NERETVANSKA ŽUPANIJA;grad;DUBROVNIK;003;DUBROVNIK G.K. PLOČE IZA GRADA;GIMNAZIJA I;FRANA SUPILA 3;803;414;414;405;9;24;35;46;103;54;33;110
19;DUBROVAČKO-NERETVANSKA ŽUPANIJA;grad;DUBROVNIK;004;DUBROVNIK G.K. PLOČE IZA GRADA;GIMNAZIJA II;FRANA SUPILA 3;667;341;341;328;13;16;18;38;84;44;38;90
19;DUBROVAČKO-NERETVANSKA ŽUPANIJA;grad;DUBROVNIK;005;DUBROVNIK G.K. PLOČE IZA GRADA;UGOSTITELJSKA ŠKOLA;ŽUPSKA BROJ 2;533;252;252;246;6;12;17;21;71;32;30;63
19;DUBROVAČKO-NERETVANSKA ŽUPANIJA;grad;DUBROVNIK;006;DUBROVNIK G.K. GRAD;"OSNOVNA ŠKOLA ""MARINA GETALDIĆA"" DVORANA B";N.GUČETIĆA 1;789;423;422;408;14;14;23;32;145;46;32;116
19;DUBROVAČKO-NERETVANSKA ŽUPANIJA;grad;DUBROVNIK;007;DUBROVNIK G.K. GRAD;"OSNOVNA ŠKOLA ""MARINA GETALDIĆA"" DVORANA A";N. GUČETIĆA 1;1093;586;584;560;24;16;51;65;139;96;30;163
19;DUBROVAČKO-NERETVANSKA ŽUPANIJA;grad;DUBROVNIK;008;DUBROVNIK G.K. PILE-KONO;POSLIJE DIPLOMSKO SREDIŠTE;DON FRANA BULIĆA 4;1011;503;503;490;13;22;38;36;138;53;71;132
19;DUBROVAČKO-NERETVANSKA ŽUPANIJA;grad;DUBROVNIK;009;DUBROVNIK G.K. PILE - KONO;"OSNOVNA ŠKOLA ""MARINA DRŽIĆA""";VOLANTINA  6;1366;737;737;714;23;17;47;91;176;152;95;136
19;DUBROVAČKO-NERETVANSKA ŽUPANIJA;grad;DUBROVNIK;010;DUBROVNIK G.K. PILE - KONO;ZAVOD ZA ZAPOŠLJAVANJE;V. NAZORA  5;1007;484;484;473;11;6;32;71;131;91;51;91
19;DUBROVAČKO-NERETVANSKA ŽUPANIJA;grad;DUBROVNIK;011;DUBROVNIK G.K. MONTOVJERNA;OPĆINSKI SUD U DUBROVNIKU ATRIJ ISPRED SUDNICE BROJ 2;A. STARČEVIĆA 23;1330;666;666;656;10;13;83;104;146;97;76;137
19;DUBROVAČKO-NERETVANSKA ŽUPANIJA;grad;DUBROVNIK;012;DUBROVNIK G.K. MONTOVJERNA;OBRTNIČKA ŠKOLA;IVA VOJNOVIĆA 12;1410;732;732;701;31;17;68;112;169;98;86;151
19;DUBROVAČKO-NERETVANSKA ŽUPANIJA;grad;DUBROVNIK;013;DUBROVNIK G.K. MONTOVJERNA;"DJEČJI VRTIĆ ""PALČICA"" /DVORANA A/";I.VOJNOVIĆA 34;859;411;411;399;12;8;50;56;114;45;56;70
19;DUBROVAČKO-NERETVANSKA ŽUPANIJA;grad;DUBROVNIK;014;DUBROVNIK G.K. MONTOVJERNA;"DJEČJI VRTIĆ ""PALČICA"" /DVORANA B/";I.VOJNOVIĆA 34;1420;689;686;663;23;12;63;113;153;99;89;134
19;DUBROVAČKO-NERETVANSKA ŽUPANIJA;grad;DUBROVNIK;015;DUBROVNIK G.K. MONTOVJERNA;ZAVOD ZA JAVNO ZDRAVSTVO;OD SV. MIHAJLA 6;863;446;446;427;19;13;27;67;121;75;50;74
19;DUBROVAČKO-NERETVANSKA ŽUPANIJA;grad;DUBROVNIK;016;DUBROVNIK G.K. LAPAD;GRADSKI KOTAR LAPAD;KNEZA DOMAGOJA 2;1087;497;497;484;13;8;42;89;105;81;75;84
19;DUBROVAČKO-NERETVANSKA ŽUPANIJA;grad;DUBROVNIK;017;DUBROVNIK G.K. LAPAD;"OSNOVNA ŠKOLA  ""LAPAD""";OD BATALE  26;1197;579;578;549;29;16;48;82;134;80;78;111
19;DUBROVAČKO-NERETVANSKA ŽUPANIJA;grad;DUBROVNIK;018;DUBROVNIK G.K. LAPAD;"DUBROVAČKI OPSKRBNI CENTAR PROSTORIJA ""A""";KRALJA TOMISLAVA  7;944;475;475;460;15;10;40;77;121;69;46;97
19;DUBROVAČKO-NERETVANSKA ŽUPANIJA;grad;DUBROVNIK;019;DUBROVNIK G.K. LAPAD;"DUBROVAČKI OPSKRBNI CENTAR PROSTORIJA ""B""";KRALJA TOMISLAVA 7;560;271;271;263;8;9;25;36;82;24;23;64
19;DUBROVAČKO-NERETVANSKA ŽUPANIJA;grad;DUBROVNIK;020;DUBROVNIK G.K. LAPAD;"UPRAVNA ZGRADA ""DUBROVNIK - BABIN KUK""";ĆIRA CARIĆA 3;1364;753;753;728;25;17;76;114;213;124;82;102
19;DUBROVAČKO-NERETVANSKA ŽUPANIJA;grad;DUBROVNIK;021;DUBROVNIK G.K. LAPAD;"DJEČJI  VRTIĆ ""RADOST""";ŽRTAVA S DAKSE 36;559;304;304;293;11;9;23;30;76;49;40;66
19;DUBROVAČKO-NERETVANSKA ŽUPANIJA;grad;DUBROVNIK;022;DUBROVNIK G.K. GRUŽ;"PROSTORIJE GRADSKE ORGANIZACIJE  ""CRVENOG KRIŽA""";OBALA PAPE IVANA  PAVLA II 61;603;294;294;281;13;4;63;42;58;44;40;30
19;DUBROVAČKO-NERETVANSKA ŽUPANIJA;grad;DUBROVNIK;023;DUBROVNIK G.K. GRUŽ;AMBULANTA GRUŽ;ANDRIJE  HEBRANGA 79;1030;506;506;489;17;10;97;81;134;46;56;65
19;DUBROVAČKO-NERETVANSKA ŽUPANIJA;grad;DUBROVNIK;024;DUBROVNIK G.K. GRUŽ;"OSNOVNA ŠKOLA ""IVAN GUNDULIĆ"" DVORANA A";SUSTJEPANSKA 14;1299;619;619;601;18;18;50;82;175;94;83;99
19;DUBROVAČKO-NERETVANSKA ŽUPANIJA;grad;DUBROVNIK;025;DUBROVNIK G.K. GRUŽ;PROSTORIJE GRADSKOG KOTARA GRUŽ;OBALA STJEPANA RADIĆA 29;1036;508;508;485;23;8;73;61;114;79;63;87
19;DUBROVAČKO-NERETVANSKA ŽUPANIJA;grad;DUBROVNIK;026;DUBROVNIK G.K. GRUŽ;"OSNOVNA ŠKOLA ""IVAN GUNDULIĆ"" -DVORANA B";SUSTJEPANSKA 14;1446;701;701;685;16;16;87;99;220;94;88;81
19;DUBROVAČKO-NERETVANSKA ŽUPANIJA;grad;DUBROVNIK;027;DUBROVNIK G.K. GRUŽ;OPĆINSKI SUD U DUBROVNIKU -SUDNICA BROJ 1;DR. ANTE STARČEVIĆA 23;936;461;461;448;13;16;31;69;106;67;76;83
19;DUBROVAČKO-NERETVANSKA ŽUPANIJA;grad;DUBROVNIK;028;DUBROVNIK G.K. MOKOŠICA;DJEČIJI VRTIĆ I;UZ JADRANSKU CESTU BB,MOKOŠICA;1632;858;858;834;24;24;72;152;333;126;54;73
19;DUBROVAČKO-NERETVANSKA ŽUPANIJA;grad;DUBROVNIK;029;DUBROVNIK G.K. MOKOŠICA;DJEČIJI VRTIĆ II;UZ JADRANSKU CESTU BB, MOKOŠICA;594;312;308;303;5;6;34;39;164;40;8;12
19;DUBROVAČKO-NERETVANSKA ŽUPANIJA;grad;DUBROVNIK;030;DUBROVNIK G.K. MOKOŠICA;OSNOVNA ŠKOLA I. (NOVA MOKOŠICA);BARTOLA KAŠIĆA  20;702;348;348;336;12;12;18;47;116;49;47;47
19;DUBROVAČKO-NERETVANSKA ŽUPANIJA;grad;DUBROVNIK;031;DUBROVNIK G.K. MOKOŠICA;OSNOVNA ŠKOLA II. (NOVA MOKOŠICA);BARTOLA KAŠIĆA 20;1075;495;495;472;23;8;50;88;149;86;44;47
19;DUBROVAČKO-NERETVANSKA ŽUPANIJA;grad;DUBROVNIK;032;DUBROVNIK G.K. MOKOŠICA;OSNOVNA ŠKOLA III. (NOVA MOKOŠICA);BARTOLA KAŠIĆA 20;1113;563;557;535;22;19;60;90;169;92;45;60
19;DUBROVAČKO-NERETVANSKA ŽUPANIJA;grad;DUBROVNIK;033;DUBROVNIK G.K. MOKOŠICA;OSNOVNA ŠKOLA IV;BARTOLA KAŠIĆA 20;1181;555;555;538;17;14;41;75;187;91;75;55
19;DUBROVAČKO-NERETVANSKA ŽUPANIJA;grad;DUBROVNIK;034;DUBROVNIK G.K. MOKOŠICA;BARAKA-KLUB UMIROVLJENIKA;NOVA MOKOŠICA;1265;695;695;666;29;27;52;119;160;131;75;102
19;DUBROVAČKO-NERETVANSKA ŽUPANIJA;grad;DUBROVNIK;035;DUBROVNIK G.K.KOMOLAC;GRADSKI KOTAR KOMOLAC,;NA SKALI 2. ( POVIŠE KONZUMA);1532;758;758;739;19;16;97;116;238;139;50;83
19;DUBROVAČKO-NERETVANSKA ŽUPANIJA;grad;DUBROVNIK;036;DUBROVNIK M.O. GROMAČA;MJESNI ODBOR GROMAČA;GROMAČA BB;132;105;105;105;0;1;2;31;57;13;0;1
19;DUBROVAČKO-NERETVANSKA ŽUPANIJA;grad;DUBROVNIK;037;DUBROVNIK M.O. KLIŠEVO;DOM KLIŠEVO;KLIŠEVO;47;41;41;40;1;2;2;18;15;3;0;0
19;DUBROVAČKO-NERETVANSKA ŽUPANIJA;grad;DUBROVNIK;038;KOLOČEP M.O. KOLOČEP;"OSNOVNA ŠKOLA ""KOLOČEP""";DONJE ČELO BB;245;120;120;116;4;7;11;2;39;22;18;17
19;DUBROVAČKO-NERETVANSKA ŽUPANIJA;grad;DUBROVNIK;039;LJUBAČ M.O. LJUBAČ;DOM LJUBAČ;LJUBAČ BB;67;53;53;49;4;0;6;9;27;3;2;2
19;DUBROVAČKO-NERETVANSKA ŽUPANIJA;grad;DUBROVNIK;040;LOPUD M.O. LOPUD;"OSNOVNA ŠKOLA ""ANTUN MASLE""";LOPUD;320;125;125;120;5;7;8;14;25;41;12;13
19;DUBROVAČKO-NERETVANSKA ŽUPANIJA;grad;DUBROVNIK;041;MRAVINJAC M.O. MRAVINJAC;MJESNI ODBOR MRAVINJAC;MRAVINJAC BB;53;49;49;49;0;1;1;5;33;3;6;0
19;DUBROVAČKO-NERETVANSKA ŽUPANIJA;grad;DUBROVNIK;042;MRČEVO M.O. MRČEVO;MJESNI ODBOR MRČEVO;MRČEVO BB;91;83;83;83;0;1;11;15;54;2;0;0
19;DUBROVAČKO-NERETVANSKA ŽUPANIJA;grad;DUBROVNIK;043;ORAŠAC M.O. ORAŠAC;MATIČNI URED ORAŠAC;NA KOMARDI 21;646;399;399;378;21;16;14;84;174;47;22;21
19;DUBROVAČKO-NERETVANSKA ŽUPANIJA;grad;DUBROVNIK;044;OSOJNIK M.O.OSOJNIK;MJESNI ODBOR OSOJNIK,;NA GUTIĆI 11 , OSOJNIK;268;201;201;197;4;9;12;30;118;13;4;11
19;DUBROVAČKO-NERETVANSKA ŽUPANIJA;grad;DUBROVNIK;045;RIĐICA M.O. RIĐICA;MJESNI DOM RIĐICA;RIĐICA BB;22;21;21;21;0;0;0;4;15;0;2;0
19;DUBROVAČKO-NERETVANSKA ŽUPANIJA;grad;DUBROVNIK;046;SUĐURAĐ M.O. SUĐURAĐ;OSNOVNA ŠKOLA SUĐURAĐ;SUĐURAĐ BB;215;108;108;107;1;2;16;23;29;19;6;12
19;DUBROVAČKO-NERETVANSKA ŽUPANIJA;grad;DUBROVNIK;047;SUSTJEPAN G.K. GRUŽ;DRUŠTV.PROST NA SPORTS. IGRALIŠTU SUSTJEPAN;SUSTJEPAN BB;266;173;173;167;6;7;24;30;38;25;29;14
19;DUBROVAČKO-NERETVANSKA ŽUPANIJA;grad;DUBROVNIK;048;ŠIPAN M.O. ŠIPANSKA LUKA;DOM MLADEŽI  ŠIPAN - ŠIPANSKA LUKA;ŠIPANSKA LUKA  BB;253;167;167;160;7;3;51;35;36;12;11;12
19;DUBROVAČKO-NERETVANSKA ŽUPANIJA;grad;DUBROVNIK;049;TRSTENO M.O. TRSTENO;ZGRADA OSNOVNE ŠKOLE TRSTENO;TRSTENO BB;210;159;159;154;5;8;32;19;68;11;5;11
19;DUBROVAČKO-NERETVANSKA ŽUPANIJA;grad;DUBROVNIK;050;ZATON MALI M.O. ZATON;DOM MLADEŽI ZATON MALI;ZATON MALI BB;775;416;416;400;16;8;26;95;122;49;35;65
19;DUBROVAČKO-NERETVANSKA ŽUPANIJA;grad;DUBROVNIK;051;ZATON VELIKI M.O. ZATON;"URED ""TIC""-A,  ZATON VELIKI";ZATON VELIKI;345;181;181;176;5;6;7;41;62;25;17;18
19;DUBROVAČKO-NERETVANSKA ŽUPANIJA;grad;DUBROVNIK;052;HRVATSKE ŠUME D.O.O.;ŠUMARIJA DUBROVNIK;BOSANKA 49A, BOSANKA;127;72;72;70;2;4;6;16;22;15;3;4
19;DUBROVAČKO-NERETVANSKA ŽUPANIJA;grad;KORČULA;001;KORČULA;ZGRADI CENTRA ZA KULTURU KORČULA;KORČULA;993;591;591;564;27;12;4;3;238;95;106;106
19;DUBROVAČKO-NERETVANSKA ŽUPANIJA;grad;KORČULA;002;HOTEL MARKO POLO KORČULA;KORČULA;KORČULA;509;289;288;280;8;10;1;3;108;50;62;46
19;DUBROVAČKO-NERETVANSKA ŽUPANIJA;grad;KORČULA;003;KORČULA;SREDNJA ŠKOLA PETRA ŠEGEDINA KORČULA - ZGRADA SV. ANTUN;KORČULA;1265;709;708;685;23;24;3;10;256;154;141;97
19;DUBROVAČKO-NERETVANSKA ŽUPANIJA;grad;KORČULA;004;ŽRNOVO;ZGRADA OSNOVNE ŠKOLE;ŽRNOVO;1024;654;654;626;28;21;6;3;292;85;164;55
19;DUBROVAČKO-NERETVANSKA ŽUPANIJA;grad;KORČULA;005;PUPNAT;DOM KULTURE U PUPNATU;PUPNAT;348;217;217;209;8;11;1;0;128;19;24;26
19;DUBROVAČKO-NERETVANSKA ŽUPANIJA;grad;KORČULA;006;ČARA;DOM KULTURE U ČARI;ČARA;537;371;371;342;29;22;3;5;136;41;122;13
19;DUBROVAČKO-NERETVANSKA ŽUPANIJA;grad;KORČULA;007;RAČIŠĆE;"HOTEL ""MEDITERAN"" U RAČIŠĆU";RAČIŠĆE;412;268;268;253;15;12;0;2;98;24;80;37
19;DUBROVAČKO-NERETVANSKA ŽUPANIJA;grad;METKOVIĆ;001;METKOVIĆ;GRADSKO KULTURNO SREDIŠTE;S. RADIĆA 1;626;377;376;358;18;20;6;5;152;144;30;1
19;DUBROVAČKO-NERETVANSKA ŽUPANIJA;grad;METKOVIĆ;002;METKOVIĆ;GRADSKO KULTURNO SREDIŠTE;STJEPANA RADIĆA 1;850;469;469;461;8;13;0;2;211;194;34;7
19;DUBROVAČKO-NERETVANSKA ŽUPANIJA;grad;METKOVIĆ;003;METKOVIĆ;GIMNAZIJA METKOVIĆ;UL.KRALJA ZVONIMIRA 12;1152;654;654;632;22;24;6;11;302;221;59;9
19;DUBROVAČKO-NERETVANSKA ŽUPANIJA;grad;METKOVIĆ;004;METKOVIĆ;GIMNAZIJA METKOVIĆ;UL.KRALJA ZVONIMIRA 12;711;367;367;351;16;10;6;6;158;142;26;3
19;DUBROVAČKO-NERETVANSKA ŽUPANIJA;grad;METKOVIĆ;005;METKOVIĆ;DUBRAVICA-MJESNI URED ,DUBRAVICA B.B.;DUBRAVICA B.B.;114;71;71;66;5;2;4;2;41;12;3;2
19;DUBROVAČKO-NERETVANSKA ŽUPANIJA;grad;METKOVIĆ;006;METKOVIĆ;SREDNJA ŠKOLA METKOVIĆ;UL. KRALJA ZVONIMIRA 12;1113;629;629;612;17;12;3;18;300;244;32;3
19;DUBROVAČKO-NERETVANSKA ŽUPANIJA;grad;METKOVIĆ;007;METKOVIĆ;ZGRADA POLITIČKIH STRANAKA;UL.KRALJA ZVONIMIRA 20;741;422;422;413;9;8;4;0;201;173;25;2
19;DUBROVAČKO-NERETVANSKA ŽUPANIJA;grad;METKOVIĆ;008;METKOVIĆ;SREDNJA ŠKOLA METKOVIĆ;UL.KRALJA ZVONIMIRA 12;1231;737;736;714;22;25;7;7;394;237;34;10
19;DUBROVAČKO-NERETVANSKA ŽUPANIJA;grad;METKOVIĆ;009;METKOVIĆ;SREDNJA ŠKOLA METKOVIĆ;UL.KRALJA ZVONIMIRA 12;1110;646;646;619;27;23;1;16;371;183;20;5
19;DUBROVAČKO-NERETVANSKA ŽUPANIJA;grad;METKOVIĆ;010;METKOVIĆ;PROSTOR METKOVIĆ D.O.O.;MOSTARSKA 10 (UNKA);849;478;478;458;20;16;11;0;247;148;31;5
19;DUBROVAČKO-NERETVANSKA ŽUPANIJA;grad;METKOVIĆ;011;METKOVIĆ;ZGRADA PRAVOSUDNIH TIJELA;UL.A.HEBRANGA 9;1096;552;552;538;14;19;1;1;281;209;22;5
19;DUBROVAČKO-NERETVANSKA ŽUPANIJA;grad;METKOVIĆ;012;METKOVIĆ;ZGRADA PRAVOSUDNIH TIJELA;UL.A.HEBRANGA 9;1204;613;613;590;23;14;2;5;305;234;24;6
19;DUBROVAČKO-NERETVANSKA ŽUPANIJA;grad;METKOVIĆ;013;METKOVIĆ;"OŠ""DON M.PAVLINOVIĆ""";A.STEPINCA BR.2.;913;500;500;464;36;24;5;9;214;170;37;5
19;DUBROVAČKO-NERETVANSKA ŽUPANIJA;grad;METKOVIĆ;014;METKOVIĆ;"OŠ""DON M.PAVLINOVIĆA""";A.STEPINCA 2;1179;677;676;646;30;18;7;7;293;283;31;7
19;DUBROVAČKO-NERETVANSKA ŽUPANIJA;grad;METKOVIĆ;015;VID;DRUŠTVENE PROSTORIJE;VID, LEDENE GOSPE 22;667;416;416;393;23;36;5;4;205;132;11;0
19;DUBROVAČKO-NERETVANSKA ŽUPANIJA;grad;METKOVIĆ;016;PRUD;PODRUČNA ŠKOLA PRUD;PRUD;428;248;248;240;8;15;2;4;142;73;4;0
19;DUBROVAČKO-NERETVANSKA ŽUPANIJA;grad;OPUZEN;001;OPUZEN;OSNOVNA ŠKOLA;S.S. KRANJČEVIĆA 11;866;547;547;508;39;17;6;16;220;187;56;6
19;DUBROVAČKO-NERETVANSKA ŽUPANIJA;grad;OPUZEN;002;OPUZEN;OSNOVNA ŠKOLA;S.S. KRANJČEVIĆA 11;783;458;458;427;31;20;2;3;224;118;53;7
19;DUBROVAČKO-NERETVANSKA ŽUPANIJA;grad;OPUZEN;003;OPUZEN;SREDNJA ŠKOLA OPUZEN;TRG OPUZENSKE BOJNE 5;532;321;321;297;24;11;1;7;170;71;28;9
19;DUBROVAČKO-NERETVANSKA ŽUPANIJA;grad;OPUZEN;004;OPUZEN (VLAKA);KUĆA BRANKE PROVIĆA (PIKA);BANA JOSIPA JELAČIĆA 66;437;235;235;220;15;10;3;6;127;48;21;5
19;DUBROVAČKO-NERETVANSKA ŽUPANIJA;grad;PLOČE;001;PLOČE;SREDNJA ŠKOLA FRA A.K.MIOŠIĆA;PLOČE;714;476;476;452;24;26;2;2;118;40;259;5
19;DUBROVAČKO-NERETVANSKA ŽUPANIJA;grad;PLOČE;002;PLOČE;"OŠ ""VLADIMIR NAZOR""";PLOČE;761;472;472;462;10;29;2;0;150;30;246;5
19;DUBROVAČKO-NERETVANSKA ŽUPANIJA;grad;PLOČE;003;PLOČE;DJEČJI VRTIĆ U PLOČAMA;PLOČE;710;456;456;441;15;17;0;2;120;45;255;2
19;DUBROVAČKO-NERETVANSKA ŽUPANIJA;grad;PLOČE;004;PLOČE;MJESNI ODBOR U PLOČAMA;V. NAZORA 45;530;351;351;340;11;17;1;1;74;36;205;6
19;DUBROVAČKO-NERETVANSKA ŽUPANIJA;grad;PLOČE;005;PLOČE;PUČKO UČILIŠTE U PLOČAMA;PLOČE;242;159;159;153;6;10;0;1;60;11;71;0
19;DUBROVAČKO-NERETVANSKA ŽUPANIJA;grad;PLOČE;006;PLOČE;PROSTORIJE GRADA PLOČA;TRG KRALJA TOMISLAVA 23;914;615;615;602;13;26;1;1;158;56;355;5
19;DUBROVAČKO-NERETVANSKA ŽUPANIJA;grad;PLOČE;007;STABLINA;MJESNI ODBOR U STABLINI;STABLINA;763;574;574;550;24;13;3;4;242;29;254;5
19;DUBROVAČKO-NERETVANSKA ŽUPANIJA;grad;PLOČE;008;KOMIN;DOM KULTURE U KOMINU;KOMIN;1004;668;668;636;32;39;1;1;366;103;121;5
19;DUBROVAČKO-NERETVANSKA ŽUPANIJA;grad;PLOČE;009;ROGOTIN;DOM KULTURE U ROGOTINU;ROGOTIN;558;406;406;389;17;11;3;0;250;66;57;2
19;DUBROVAČKO-NERETVANSKA ŽUPANIJA;grad;PLOČE;010;ŠARIĆ STRUGA;DOM KULTURE U ŠARIĆ STRUGI;ŠARIĆ STRUGA;188;131;131;126;5;2;2;2;58;8;53;1
19;DUBROVAČKO-NERETVANSKA ŽUPANIJA;grad;PLOČE;011;BANJA;"""KUĆA POK.JOKE BATINOVIĆA""";PUT VRILA 5, BANJA;152;111;111;109;2;2;0;0;33;18;55;1
19;DUBROVAČKO-NERETVANSKA ŽUPANIJA;grad;PLOČE;012;BAĆINA;DOM KULTURE U BAĆINI;BAĆINA;499;331;331;324;7;44;1;3;55;26;193;2
19;DUBROVAČKO-NERETVANSKA ŽUPANIJA;grad;PLOČE;013;PERAČKO BLATO;DOM KULTURE U PERAČKOM BLATU;PERAČKO BLATO;262;207;207;203;4;12;0;0;41;14;135;1
19;DUBROVAČKO-NERETVANSKA ŽUPANIJA;grad;PLOČE;014;STAŠEVICA;DOM KULTURE-ZGRADA STARE ŠKOLE U STAŠEVICI;STAŠEVICA;458;332;332;324;8;3;2;1;136;14;165;3
19;DUBROVAČKO-NERETVANSKA ŽUPANIJA;grad;PLOČE;015;STAŠEVICA-SPILICE;DOM KULTURE U STAŠEVICI -SPILICE;STAŠEVICA-SPILICE;321;228;228;222;6;1;0;2;89;12;116;2
19;DUBROVAČKO-NERETVANSKA ŽUPANIJA;općina;BLATO;001;BLATO;"PROSTORIJA ""SREDNJA ŠKOLA BLATO""";ULICA 1 BROJ 25/I;595;436;436;417;19;4;9;9;216;63;102;14
19;DUBROVAČKO-NERETVANSKA ŽUPANIJA;općina;BLATO;002;BLATO;"PROSTORIJA ""V.U. KUMPANJIJA""";ULICA 82 BROJ 8;1020;659;658;637;21;22;10;7;307;104;154;33
19;DUBROVAČKO-NERETVANSKA ŽUPANIJA;općina;BLATO;003;BLATO;"PROSTORIJA ""KLAVIR SALA DOMA KULTURE""";TRG DR. FRANJE TUĐMANA 4;703;481;481;458;23;8;1;5;269;55;104;16
19;DUBROVAČKO-NERETVANSKA ŽUPANIJA;općina;BLATO;004;BLATO;"PROSTORIJA ""OSNOVNA ŠKOLA BLATO""";ULICA 1 BROJ 25/2;918;609;609;587;22;15;7;9;317;93;127;19
19;DUBROVAČKO-NERETVANSKA ŽUPANIJA;općina;DUBROVAČKO PRIMORJE;001;MAJKOVI;ZGRADA VATROGASNOG DOMA BIRAČKO MJESTO I;MAJKOVI BB;160;95;95;86;9;2;5;18;35;15;1;10
19;DUBROVAČKO-NERETVANSKA ŽUPANIJA;općina;DUBROVAČKO PRIMORJE;002;SLANO;ZGRADA DJEČJEG VRTIĆA BIRAČKO MJESTO II;SLANO BB;546;343;343;329;14;15;3;68;135;64;17;27
19;DUBROVAČKO-NERETVANSKA ŽUPANIJA;općina;DUBROVAČKO PRIMORJE;003;BANIĆI;EX ŠKOLA BANIĆI BIRAČKO MJESTO III;BANIĆI BB;209;124;124;121;3;7;5;17;58;19;5;10
19;DUBROVAČKO-NERETVANSKA ŽUPANIJA;općina;DUBROVAČKO PRIMORJE;004;LISAC;ZGRADA ŠKOLE BIRAČKO MJESTO IV.;LISAC BB;140;73;73;71;2;7;1;12;31;9;7;4
19;DUBROVAČKO-NERETVANSKA ŽUPANIJA;općina;DUBROVAČKO PRIMORJE;005;DOLI;DOM ZADUŽBINE MIHANOVIĆ U DOLIMA BIRAČKO MJESTO V.;DOLI BB;172;85;85;83;2;5;2;19;31;14;8;4
19;DUBROVAČKO-NERETVANSKA ŽUPANIJA;općina;DUBROVAČKO PRIMORJE;006;VISOČANI;SEOSKI DOM U VISOČANIMA BIRAČKO MJESTO VI.;VISOČANI BB;149;103;103;101;2;3;0;6;76;10;1;5
19;DUBROVAČKO-NERETVANSKA ŽUPANIJA;općina;DUBROVAČKO PRIMORJE;007;OŠLJE;ZGRADA ŠKOLE  BIRAČKO MJESTO VII.;OŠLJE BB;116;72;72;71;1;4;0;15;43;3;3;3
19;DUBROVAČKO-NERETVANSKA ŽUPANIJA;općina;DUBROVAČKO PRIMORJE;008;TOPOLO;ZGRADA ŠKOLE BIRAČKO MJESTO VIII.;TOPOLO BB;175;98;98;94;4;3;1;44;37;2;6;1
19;DUBROVAČKO-NERETVANSKA ŽUPANIJA;općina;JANJINA;001;JANJINA;ATRIJ ZADRUŽNOG DOMA JANJINA;JANJINA 52;328;153;153;149;4;5;1;4;71;40;19;9
19;DUBROVAČKO-NERETVANSKA ŽUPANIJA;općina;JANJINA;002;SRESER;URED TURISTIČKE ZAJEDNICE U SRESERU;SRESER, KRAJ 23;175;63;63;61;2;2;1;0;26;22;8;2
19;DUBROVAČKO-NERETVANSKA ŽUPANIJA;općina;JANJINA;003;OSOBJAVA;ZGRADA MJESNOG ODBORA U OSOBJAVI;BEZEKOVIĆI 1;57;32;32;32;0;4;1;2;7;13;3;2
19;DUBROVAČKO-NERETVANSKA ŽUPANIJA;općina;KONAVLE;001;CAVTAT;DOM KULTURE;CAVTAT BB;713;407;407;388;19;13;11;28;148;48;61;79
19;DUBROVAČKO-NERETVANSKA ŽUPANIJA;općina;KONAVLE;002;CAVTAT;OSNOVNA ŠKOLA CAVTAT;STJEPANA RADIĆA 3;768;382;382;369;13;16;14;19;137;86;47;50
19;DUBROVAČKO-NERETVANSKA ŽUPANIJA;općina;KONAVLE;003;CAVTAT;HOTELI CAVTAT D.D., HOTEL EPIDAURUS;CAVTAT, OD ŽALA 1;424;237;237;229;8;13;6;24;116;36;13;21
19;DUBROVAČKO-NERETVANSKA ŽUPANIJA;općina;KONAVLE;004;ZVEKOVICA;OMLADINSKI DOM NA  ZVEKOVICI;ZVEKOVICA BB;542;290;290;283;7;7;20;24;131;51;19;31
19;DUBROVAČKO-NERETVANSKA ŽUPANIJA;općina;KONAVLE;005;ČILIPI;"OSNOVNA ŠKOLA ""ČILIPI""";ČILIPI BB;812;465;465;439;26;17;10;34;170;105;32;71
19;DUBROVAČKO-NERETVANSKA ŽUPANIJA;općina;KONAVLE;006;DUBRAVKA;"DOM ""BUTKOVINA"" DUBRAVKA";DUBRAVKA BB;351;217;217;214;3;6;8;27;105;38;17;13
19;DUBROVAČKO-NERETVANSKA ŽUPANIJA;općina;KONAVLE;007;GABRILE;"OŠ ""GABRILE""";GABRILE BB;181;119;119;111;8;2;2;8;73;12;4;10
19;DUBROVAČKO-NERETVANSKA ŽUPANIJA;općina;KONAVLE;008;GRUDA;"OSNOVNA ŠKOLA ""GRUDA""";GRUDA BB;740;488;487;463;24;15;14;64;168;108;33;61
19;DUBROVAČKO-NERETVANSKA ŽUPANIJA;općina;KONAVLE;009;KOMAJI;"DOM KULTURE "" KOMAJI""";KOMAJI BB;211;126;126;120;6;4;0;4;48;25;8;31
19;DUBROVAČKO-NERETVANSKA ŽUPANIJA;općina;KONAVLE;010;LJUTA;"PROSTORIJE NK ""JADRAN"" LJUTA";LJUTA BB;162;95;95;93;2;0;3;2;47;20;12;9
19;DUBROVAČKO-NERETVANSKA ŽUPANIJA;općina;KONAVLE;011;MIHANIĆI;"DOM KULTURE ""MIHANIĆI""";MIHANIĆI BB;129;94;94;92;2;9;1;6;43;22;3;8
19;DUBROVAČKO-NERETVANSKA ŽUPANIJA;općina;KONAVLE;012;MIKULIĆI;"MJESNI ODBOR ""MIKULIĆI""";MIKULIĆI BB;67;49;49;47;2;1;0;2;19;22;1;2
19;DUBROVAČKO-NERETVANSKA ŽUPANIJA;općina;KONAVLE;013;MOČIĆI;"OSNOVNA ŠKOLA ""MOČIĆI""";MOČIĆI BB;348;226;226;219;7;7;13;17;94;47;12;29
19;DUBROVAČKO-NERETVANSKA ŽUPANIJA;općina;KONAVLE;014;MOLUNAT;OSNOVNA ŠKOLA MOLUNAT;MOLUNAT BB;191;111;111;108;3;10;1;10;55;17;9;6
19;DUBROVAČKO-NERETVANSKA ŽUPANIJA;općina;KONAVLE;015;PLOČICE;"ZGRADA BIVŠE ČITAONICE ""PLOČICE""";PLOČICE BB;63;37;37;36;1;1;0;4;17;6;4;4
19;DUBROVAČKO-NERETVANSKA ŽUPANIJA;općina;KONAVLE;016;POLJICE;"OSNOVNA ŠKOLA  ""POLJICE""";POLJICE BB;59;39;39;37;2;2;0;8;12;14;1;0
19;DUBROVAČKO-NERETVANSKA ŽUPANIJA;općina;KONAVLE;017;POPOVIĆI;"OSNOVNA ŠKOLA ""POPOVIĆI""";POPOVIĆI BB;217;140;140;134;6;6;4;9;69;16;5;25
19;DUBROVAČKO-NERETVANSKA ŽUPANIJA;općina;KONAVLE;018;PRIDVORJE;"OMLADINSKI DOM ""PRIDVORJE""";PRIDVORJE BB;200;113;113;107;6;3;0;4;64;20;3;13
19;DUBROVAČKO-NERETVANSKA ŽUPANIJA;općina;KONAVLE;019;LOVORNO;"OSNOVNA ŠKOLA ""LOVORNO""";LOVORNO BB;176;98;98;94;4;2;3;5;57;16;5;6
19;DUBROVAČKO-NERETVANSKA ŽUPANIJA;općina;KONAVLE;020;RADOVČIĆI;"OSNOVNA ŠKOLA ""RADOVČIĆI""";RADOVČIĆI BB;175;117;117;111;6;2;3;25;26;30;5;20
19;DUBROVAČKO-NERETVANSKA ŽUPANIJA;općina;KONAVLE;021;STRAVČA;"OSNOVNA ŠKOLA ""STRAVČA""";STRAVČA BB;47;37;37;36;1;0;0;0;33;3;0;0
19;DUBROVAČKO-NERETVANSKA ŽUPANIJA;općina;KONAVLE;022;USKOPLJE;"BOĆARSKI DOM ""USKOPLJE"" - USKOPLJE";USKOPLJE BB;111;69;69;67;2;3;2;11;28;17;1;5
19;DUBROVAČKO-NERETVANSKA ŽUPANIJA;općina;KONAVLE;023;VITALJINA;"OSNOVNA ŠKOLA ""VITALJINA""";VITALJINA BB;154;82;82;81;1;4;5;5;34;15;10;8
19;DUBROVAČKO-NERETVANSKA ŽUPANIJA;općina;KONAVLE;024;VODOVAĐA;"OSNOVNA ŠKOLA ""VODOVAĐA""";VODOVAĐA BB;264;189;189;176;13;1;3;15;103;29;14;11
19;DUBROVAČKO-NERETVANSKA ŽUPANIJA;općina;KONAVLE;025;DUBA KONAVOSKA;DOM MLADEŽI DUBA KONAVOSKA;DUBA KONAVOSKA BB;63;53;53;51;2;0;0;0;44;5;1;1
19;DUBROVAČKO-NERETVANSKA ŽUPANIJA;općina;KONAVLE;026;KUNA KONAVOSKA;"OSNOVNA ŠKOLA ""KUNA KONAVOSKA""";KUNA KONAVOSKA BB;16;11;11;11;0;0;1;0;8;1;0;1
19;DUBROVAČKO-NERETVANSKA ŽUPANIJA;općina;KONAVLE;027;ĐURINIĆI;DOM KULTURE ĐURINIĆI;ĐURINIĆI BB;77;43;43;42;1;1;0;1;23;3;4;10
19;DUBROVAČKO-NERETVANSKA ŽUPANIJA;općina;KONAVLE;028;BROTNICE;OSNOVNA ŠKOLA BROTNICE;BROTNICE BB;52;30;30;25;5;4;0;0;19;1;1;0
19;DUBROVAČKO-NERETVANSKA ŽUPANIJA;općina;KULA NORINSKA;001;DESNE;KUĆA VEDRANA BEBIĆA;STRIMEN 12.;109;68;68;65;3;5;0;0;32;14;13;1
19;DUBROVAČKO-NERETVANSKA ŽUPANIJA;općina;KULA NORINSKA;002;KRVAVAC;"PROSTORIJE  ""DOMA KULTURE""";KRVAVAC,TRG MARIJA NIKOLIĆA KIŠA 1;418;303;303;296;7;2;0;3;152;104;35;0
19;DUBROVAČKO-NERETVANSKA ŽUPANIJA;općina;KULA NORINSKA;003;KRVAVAC II.;PROSTORIJE SPORTSKOG CENTRA;KRVAVAC II, NERETVANSKA BB;266;154;154;142;12;4;1;1;78;34;22;2
19;DUBROVAČKO-NERETVANSKA ŽUPANIJA;općina;KULA NORINSKA;004;KULA NORINSKA;PROSTORIJE  OSNOVNE ŠKOLE;KULA NORINSKA;271;174;174;166;8;12;0;1;71;65;15;2
19;DUBROVAČKO-NERETVANSKA ŽUPANIJA;općina;KULA NORINSKA;005;MOMIĆI;PROSTORIJE OSNOVNE ŠKOLE;MOMIĆI;155;109;109;103;6;2;2;0;51;43;5;0
19;DUBROVAČKO-NERETVANSKA ŽUPANIJA;općina;KULA NORINSKA;006;PODRUJNICA;"U PROSTORIJAMA ""MJESNOG DOMA""";PODRUJNICA;108;77;77;75;2;0;0;0;38;32;5;0
19;DUBROVAČKO-NERETVANSKA ŽUPANIJA;općina;KULA NORINSKA;007;NOVA SELA;PROSTORIJE BIVŠE OSNOVNE ŠKOLE;NOVA SELA;63;40;40;39;1;2;0;0;23;13;1;0
19;DUBROVAČKO-NERETVANSKA ŽUPANIJA;općina;LASTOVO;001;UBLE;"PROSTORIJA PARKA PRIRODE ""LASTOVSKO OTOČJE"", UBLE";TRG SV. PETRA 7;322;190;190;173;17;5;1;2;56;51;43;15
19;DUBROVAČKO-NERETVANSKA ŽUPANIJA;općina;LASTOVO;002;LASTOVO;MALA VIJEĆNICA U ZGRADI NA PJEVORU;LASTOVO, PJEVOR 14;280;175;175;167;8;7;1;2;54;46;44;13
19;DUBROVAČKO-NERETVANSKA ŽUPANIJA;općina;LASTOVO;003;LASTOVO;"PROSTORIJE OŠ ""BRAĆA GLUMAC"" LASTOVO";DOLAC 11;247;131;131;126;5;6;3;1;51;27;24;14
19;DUBROVAČKO-NERETVANSKA ŽUPANIJA;općina;LUMBARDA;001;LUMBARDA;ZGRADA DOMA - OPĆINSKA VIJEĆNICA;LUMBARDA;1110;731;731;707;24;18;3;10;305;158;115;98
19;DUBROVAČKO-NERETVANSKA ŽUPANIJA;općina;MLJET;001;GOVEĐARI;PROSTORIJE MO  GOVEĐARI U PROSTORU OŠ GOVEĐARI;GOVEĐARI BB;172;129;129;125;4;1;0;2;89;10;13;10
19;DUBROVAČKO-NERETVANSKA ŽUPANIJA;općina;MLJET;002;POLAČE;PROSTORIJE TZO MLJET U POLAČAMA;POLAČE BB;118;80;80;75;5;5;0;4;53;3;7;3
19;DUBROVAČKO-NERETVANSKA ŽUPANIJA;općina;MLJET;003;BLATO;"PROSTORIJE  ""STARE ŠKOLE BLATO"" U BLATU";BLATO BB;98;65;65;65;0;1;0;1;53;0;10;0
19;DUBROVAČKO-NERETVANSKA ŽUPANIJA;općina;MLJET;004;BABINO POLJE-ZABREŽJE;DOM KULTURE  ZABREŽJE U BABINOM POLJU;BABINO POLJE - ZABREŽJE BB;149;108;108;105;3;5;0;4;40;17;32;7
19;DUBROVAČKO-NERETVANSKA ŽUPANIJA;općina;MLJET;005;BABINO POLJE-ZADUBLJE;"ZGRADA ""STARA OPĆINA"" U BABINOM POLJU";BABINO POLJE-ZADUBLJE BB;131;89;89;84;5;5;0;4;32;9;26;8
19;DUBROVAČKO-NERETVANSKA ŽUPANIJA;općina;MLJET;006;SOBRA;"PROSTORIJE MJESNOG ODBORA SOBRA ""STARO SKLADIŠTE"" U SOBRI";SOBRA BB;106;81;81;75;6;6;1;2;36;7;18;5
19;DUBROVAČKO-NERETVANSKA ŽUPANIJA;općina;MLJET;007;PROŽURA;PROSTORIJE AMBULANTE U PROŽURI;PROŽURA BB;81;59;59;57;2;1;1;1;18;5;30;1
19;DUBROVAČKO-NERETVANSKA ŽUPANIJA;općina;MLJET;008;MARANOVIĆI;DRUŠTVENE PROSTORIJE  U MARANOVIĆIMA;MARANOVIĆI BB;97;69;69;69;0;7;0;1;53;4;3;1
19;DUBROVAČKO-NERETVANSKA ŽUPANIJA;općina;MLJET;009;KORITA;PROSTORIJE AMBULANTE U KORITIMA;KORITA BB;142;100;100;97;3;4;0;10;55;4;14;10
19;DUBROVAČKO-NERETVANSKA ŽUPANIJA;općina;OREBIĆ;001;TRSTENIK;PROSTORIJE MJESNOG ODBORA;TRSTENIK BB;94;58;58;57;1;3;3;7;23;17;1;3
19;DUBROVAČKO-NERETVANSKA ŽUPANIJA;općina;OREBIĆ;002;PIJAVIČINO;MJESNI ODBOR  PIJAVIČINO - HRVATSKA ČIT.;PIJAVIČINO BB;87;56;56;51;5;2;0;6;20;8;9;6
19;DUBROVAČKO-NERETVANSKA ŽUPANIJA;općina;OREBIĆ;003;POTOMJE;PROSTORIJE DOMA POTOMJE;POTOMJE BB;187;142;142;133;9;5;4;17;49;34;12;12
19;DUBROVAČKO-NERETVANSKA ŽUPANIJA;općina;OREBIĆ;004;DONJA BANDA;"PROSTORIJE PZ ""POSTUP"" DONJA BANDA";DONJA BANDA BB;146;86;86;81;5;8;0;1;31;14;9;18
19;DUBROVAČKO-NERETVANSKA ŽUPANIJA;općina;OREBIĆ;005;KUNA;PROSTORIJE OŠ KUNA;KUNA BB;192;156;156;153;3;3;1;10;68;29;20;22
19;DUBROVAČKO-NERETVANSKA ŽUPANIJA;općina;OREBIĆ;006;OSKORUŠNO;PROSTORIJE OŠ OSKORUŠNO;OSKORUŠNO BB;94;64;64;60;4;6;0;2;21;19;4;8
19;DUBROVAČKO-NERETVANSKA ŽUPANIJA;općina;OREBIĆ;007;OREBIĆ;DJEČJI VRTIĆ OREBIĆ;BANA J. JELAČIĆA 8;977;513;513;489;24;22;7;13;226;109;39;73
19;DUBROVAČKO-NERETVANSKA ŽUPANIJA;općina;OREBIĆ;008;OREBIĆ;ZGRADA OPĆINE;OBALA POMORACA 24;1288;704;704;675;29;33;9;39;258;162;72;102
19;DUBROVAČKO-NERETVANSKA ŽUPANIJA;općina;OREBIĆ;009;KUĆIŠTE;PROSTORIJE ŠKOLE KUĆIŠTE;KUĆIŠTE;247;140;140;135;5;1;1;3;40;24;12;54
19;DUBROVAČKO-NERETVANSKA ŽUPANIJA;općina;OREBIĆ;010;VIGANJ;HRVATSKI DOM VIGANJ;VIGANJ;265;166;166;158;8;7;2;4;59;46;17;23
19;DUBROVAČKO-NERETVANSKA ŽUPANIJA;općina;OREBIĆ;011;LOVIŠTE;PROSTORIJE DOMA;LOVIŠTE;207;122;122;112;10;3;1;4;46;18;33;7
19;DUBROVAČKO-NERETVANSKA ŽUPANIJA;općina;POJEZERJE;001;OTRIĆI;"KULTURNO-SORTSKI CENTAR ""DOCI""";OTRIĆ-SEOCI;287;175;175;165;10;18;1;2;103;28;10;3
19;DUBROVAČKO-NERETVANSKA ŽUPANIJA;općina;POJEZERJE;002;SEOCI;"KULTURNO-SPORTSKI CENTAR ""DOCI""";OTRIĆ-SEOCI;310;152;152;141;11;6;0;0;91;33;11;0
19;DUBROVAČKO-NERETVANSKA ŽUPANIJA;općina;POJEZERJE;003;KOBILJAČA;PROSTORIJE OBITELJSKE KUĆE SREĆKA ŽDERIĆA;KOBILJAČA 6;193;139;139;138;1;17;0;2;39;69;9;2
19;DUBROVAČKO-NERETVANSKA ŽUPANIJA;općina;POJEZERJE;004;MALI PROLOG;OBITELJSKA KUĆA  NEVENA DOMINIKOVIĆA;MALI PROLOG;29;16;16;16;0;0;0;0;11;2;3;0
19;DUBROVAČKO-NERETVANSKA ŽUPANIJA;općina;POJEZERJE;005;POZLA GORA;DOM KULTURE;POZLA GORA;51;44;44;43;1;8;1;0;21;8;1;4
19;DUBROVAČKO-NERETVANSKA ŽUPANIJA;općina;SLIVNO;001;BLACE;PROSTORIJE PODRUČNE OSNOVNE ŠKOLE;BLACE;270;172;172;165;7;5;0;3;84;56;14;3
19;DUBROVAČKO-NERETVANSKA ŽUPANIJA;općina;SLIVNO;002;DUBOKA;DOM U DUBOKOJ;DUBOKA;113;52;52;50;2;4;5;0;29;5;7;0
19;DUBROVAČKO-NERETVANSKA ŽUPANIJA;općina;SLIVNO;003;KLEK;PROSTORIJE TURISTIČKOG NASELJA KLEK;KLEK, TRG PALMI 1 A;214;113;113;108;5;3;0;4;52;31;13;5
19;DUBROVAČKO-NERETVANSKA ŽUPANIJA;općina;SLIVNO;004;KOMARNA;PROSTORIJE VILE BILI IVE JERKOVIĆA;KOMARNA, KOMARNA 79;176;102;102;101;1;2;1;4;65;23;5;1
19;DUBROVAČKO-NERETVANSKA ŽUPANIJA;općina;SLIVNO;005;MIHALJ;PROSTORIJE BIVŠE TRGOVINE   U MIHALJU;MIHALJ;191;116;116;110;6;2;0;1;74;15;13;5
19;DUBROVAČKO-NERETVANSKA ŽUPANIJA;općina;SLIVNO;006;OTOK;PROSTORIJE STAMBENOG OBJEKTA TONĆE PALINIĆA POK.STANKE U OTOKU;OTOK;64;52;52;51;1;3;0;0;40;6;2;0
19;DUBROVAČKO-NERETVANSKA ŽUPANIJA;općina;SLIVNO;007;PODGRADINA;OPĆINSKA VIJEĆNICA;PODGRADINA;208;114;114;103;11;5;4;0;51;36;5;2
19;DUBROVAČKO-NERETVANSKA ŽUPANIJA;općina;SLIVNO;008;TRN;PROSTORIJE  MJESNOG ODBORA U TRNU;TRN;134;93;93;90;3;1;1;1;57;24;5;1
19;DUBROVAČKO-NERETVANSKA ŽUPANIJA;općina;SLIVNO;009;TUŠTEVAC;MJESNI ODBOR;TUŠTEVAC;124;81;81;70;11;6;0;0;52;6;5;1
19;DUBROVAČKO-NERETVANSKA ŽUPANIJA;općina;SLIVNO;010;VLAKA;PROSTORIJE MJESNOG ODBORA NA VLACI;VLAKA, A. STEPINCA 102/1;239;165;165;154;11;11;0;2;102;22;15;2
19;DUBROVAČKO-NERETVANSKA ŽUPANIJA;općina;SMOKVICA;001;SMOKVICA;SPORTSKA DVORANA U SMOKVICI;SMOKVICA;428;324;324;310;14;9;2;4;134;47;104;10
19;DUBROVAČKO-NERETVANSKA ŽUPANIJA;općina;SMOKVICA;002;SMOKVICA;RECEPCIJA HOTELA AMINESS LUME U BRNI;BRNA;390;287;287;279;8;13;3;5;105;35;99;19
19;DUBROVAČKO-NERETVANSKA ŽUPANIJA;općina;STON;001;BRIJESTA;DRUŠTVENI DOM BRIJESTA;BRIJESTA BB;59;38;38;37;1;4;0;0;25;8;0;0
19;DUBROVAČKO-NERETVANSKA ŽUPANIJA;općina;STON;002;HODILJE;ZGRADA OSNOVNE ŠKOLE  HODILJE;HODILJE 115;361;156;156;148;8;31;2;12;64;18;13;8
19;DUBROVAČKO-NERETVANSKA ŽUPANIJA;općina;STON;003;MALI STON;VILLA KORUNA KONFERENCIJSKA DVORANA;MALI STON;126;75;75;72;3;12;1;9;28;12;5;5
19;DUBROVAČKO-NERETVANSKA ŽUPANIJA;općina;STON;004;PONIKVE;ZGRADA OSNOVNE ŠKOLE;SPARAGOVIĆI BB;323;190;190;175;15;12;1;40;59;45;16;2
19;DUBROVAČKO-NERETVANSKA ŽUPANIJA;općina;STON;005;PUTNIKOVIĆ;ZGRADA POLJOPRIVREDNE ZADRUGE;PUTNIKOVIĆ;310;178;178;172;6;7;0;9;78;50;26;2
19;DUBROVAČKO-NERETVANSKA ŽUPANIJA;općina;STON;006;STON;DOM KULTURE;STON  BB;608;325;325;316;9;52;4;44;121;59;21;15
19;DUBROVAČKO-NERETVANSKA ŽUPANIJA;općina;STON;007;ZAMASLINA;OBJEKT ANTUNA ŠTRBINIĆA;ZAMASLINA 10;111;66;66;66;0;5;0;21;8;17;11;4
19;DUBROVAČKO-NERETVANSKA ŽUPANIJA;općina;STON;008;ŽULJANA;ZGRADA OŠ PROSTORIJE  MO ŽULJANA;ŽULJANA BB;229;134;134;128;6;7;1;6;39;51;15;9
19;DUBROVAČKO-NERETVANSKA ŽUPANIJA;općina;TRPANJ;001;TRPANJ;"PROSTORIJE OSNOVNE ŠKOLE ""TRPANJ""";TRPANJ,KRALJA TOMISLAVA 41;564;403;403;381;22;13;4;6;193;85;58;22
19;DUBROVAČKO-NERETVANSKA ŽUPANIJA;općina;TRPANJ;002;GORNJA VRUĆICA;PROSTORIJE DOMA  KULTURE GORNJA VRUĆICA;GORNJA VRUĆICA;38;32;32;29;3;2;0;1;15;4;5;2
19;DUBROVAČKO-NERETVANSKA ŽUPANIJA;općina;TRPANJ;003;DONJA VRUĆICA;PROSTORIJE DOMA KULTURE  DONJA VRUĆICA;DONJA VRUĆICA;20;14;14;14;0;3;1;0;6;3;1;0
19;DUBROVAČKO-NERETVANSKA ŽUPANIJA;općina;TRPANJ;004;DUBA PELJEŠKA;PROSTORIJE DOMA KULTURE U DUBI PELJEŠKOJ;DUBA PELJEŠKA BB;45;20;20;18;2;2;0;1;5;8;2;0
19;DUBROVAČKO-NERETVANSKA ŽUPANIJA;općina;VELA LUKA;001;VELA LUKA;"HOTEL ""JADRAN""";OBALA IV. BR. 21;884;544;544;520;24;7;2;4;180;100;206;21
19;DUBROVAČKO-NERETVANSKA ŽUPANIJA;općina;VELA LUKA;002;VELA LUKA;CENTAR ZA KULTURU;ULICA 26 BROJ 2;843;514;514;486;28;14;1;4;180;78;189;20
19;DUBROVAČKO-NERETVANSKA ŽUPANIJA;općina;VELA LUKA;003;VELA LUKA;OSNOVNA ŠKOLA;OBALA 3 BROJ 1;692;408;408;383;25;7;3;4;152;70;133;14
19;DUBROVAČKO-NERETVANSKA ŽUPANIJA;općina;VELA LUKA;004;VELA LUKA;KONOBA DAVORIN;ULICA 1 BROJ 12;1130;656;655;625;30;13;1;4;230;98;255;24
19;DUBROVAČKO-NERETVANSKA ŽUPANIJA;općina;ZAŽABLJE;001;BIJELI VIR;OSNOVNA ŠKOLA;BIJELI VIR;242;103;103;98;5;8;1;6;50;32;1;0
19;DUBROVAČKO-NERETVANSKA ŽUPANIJA;općina;ZAŽABLJE;002;MLINIŠTE;DRUŠTVENI DOM MLINIŠTE;MLINIŠTE BB;263;151;151;146;5;1;0;23;89;28;5;0
19;DUBROVAČKO-NERETVANSKA ŽUPANIJA;općina;ZAŽABLJE;003;MISLINA;KUĆA IVE GLAVINIĆA (ČADRE) BB;MISLINA;43;20;20;19;1;2;0;5;10;2;0;0
19;DUBROVAČKO-NERETVANSKA ŽUPANIJA;općina;ZAŽABLJE;004;BADŽULA;KUĆA DRAGANA CRNČEVIĆA (BEKLIJE)BADŽULA;BADŽULA;53;35;35;34;1;0;0;2;10;22;0;0
19;DUBROVAČKO-NERETVANSKA ŽUPANIJA;općina;ŽUPA DUBROVAČKA;001;MARTINOVIĆI;"OSNOVNA ŠKOLA ""MARTINOVIĆI""";MARTINOVIĆI 50;554;351;351;334;17;34;18;38;141;57;21;25
19;DUBROVAČKO-NERETVANSKA ŽUPANIJA;općina;ŽUPA DUBROVAČKA;002;DOM NA DONJEM BRGATU;DONJI BRGAT;PUT  KRALJA TOMISLAVA 32;263;199;199;192;7;15;7;16;119;17;7;11
19;DUBROVAČKO-NERETVANSKA ŽUPANIJA;općina;ŽUPA DUBROVAČKA;003;PETRAČA;"NOVA OSNOVNA ŠKOLA ""ŽUPA DUBROVAČKA"" U PETRAČI";DR. ANTE STARČEVIĆA 84;1648;901;900;871;29;37;72;132;336;167;56;71
19;DUBROVAČKO-NERETVANSKA ŽUPANIJA;općina;ŽUPA DUBROVAČKA;004;ČIBAČA;PROSTORIJE  NK ŽUPA DUBROVAČKA U  ČIBAČI;PUT DR. ANTE STARČEVIĆA 98;1781;902;902;875;27;35;70;108;392;171;40;59
19;DUBROVAČKO-NERETVANSKA ŽUPANIJA;općina;ŽUPA DUBROVAČKA;005;SREBRENO;PROSTORIJE OPĆINE ŽUPA DUBROVAČKA U SREBRENOM;VUKOVARSKA 48;1822;938;938;913;25;51;75;104;350;164;50;119
19;DUBROVAČKO-NERETVANSKA ŽUPANIJA;općina;ŽUPA DUBROVAČKA;006;PLAT;"PROSTORIJE HOTELA ""PLAT"" U PLATU";PLAT 47;540;383;383;366;17;22;30;24;153;71;21;45
19;DUBROVAČKO-NERETVANSKA ŽUPANIJA;općina;ŽUPA DUBROVAČKA;007;MLINI;"PROSTORIJE HOTELA ""ASTAREA""U MLINIMA";ŠETALIŠTE MARKA MAROJICE 40;915;492;491;471;20;19;35;49;184;82;32;70
