Rbr.županije;Županija;Oznaka GROP;Grad/općina;Rbr BM;Naziv BM;Lokacija BM;Adresa BM;Ukupno birača;Glasovalo birača;Glasovalo birača (po listićima);Važeći listići;Nevažeći listići;MARTINA FURDEK-HAJDIN;STJEPAN MIKULANDRIĆ
04;KARLOVAČKA ŽUPANIJA;grad;DUGA RESA;001;BIRAČKO MJESTO BR. 1;OŠ VLADIMIR NAZOR;JOZEFINSKA CESTA 85;780;159;159;153;6;93;60
04;KARLOVAČKA ŽUPANIJA;grad;DUGA RESA;002;BIRAČKO MJESTO BR. 2;DJEČJI VRTIĆ;TRG HRVATSKIH MUČENIKA BB;673;143;143;140;3;66;74
04;KARLOVAČKA ŽUPANIJA;grad;DUGA RESA;003;BIRAČKO MJESTO BR. 3;"PROSTORIJE SPORTSKOG DRUŠTVA ""MLADOST"" NA NOGOMETNOM IGRALIŠTU U DONJEM MRZLOM POLJU";DONJE MRZLO POLJE BB;422;89;89;87;2;59;28
04;KARLOVAČKA ŽUPANIJA;grad;DUGA RESA;004;BIRAČKO MJESTO BR. 4;UDRUŽENJE UMIROVLJENIKA;JOSEFA JERUZALEMA 2;580;103;103;102;1;67;35
04;KARLOVAČKA ŽUPANIJA;grad;DUGA RESA;005;BIRAČKO MJESTO BR. 5;DOM SPORTOVA;BANA JOSIPA JELAČIĆA 41;403;85;85;83;2;46;37
04;KARLOVAČKA ŽUPANIJA;grad;DUGA RESA;006;BIRAČKO MJESTO BR. 6;OŠ IVAN GORAN KOVAČIĆ;BANA JOSIPA JELAČIĆA 8;586;142;142;141;1;75;66
04;KARLOVAČKA ŽUPANIJA;grad;DUGA RESA;007;BIRAČKO MJESTO BR. 7;PEKARA MUS;TRG KRALJA TOMISLAVA 1;465;113;113;108;5;61;47
04;KARLOVAČKA ŽUPANIJA;grad;DUGA RESA;008;BIRAČKO MJESTO BR. 8;KUĆA GAJSKI IVANA;NIKOLE TESLE 4;311;93;93;89;4;46;43
04;KARLOVAČKA ŽUPANIJA;grad;DUGA RESA;009;BIRAČKO MJESTO BR. 9;PROSTORIJE MO TREŠNJEVKA;TRG HRVATSKIH MUČENIKA 17;485;110;110;106;4;55;51
04;KARLOVAČKA ŽUPANIJA;grad;DUGA RESA;010;BIRAČKO MJESTO BR. 10;VATROGASNI DOM STARA SELA;FRANKOPANSKA BB;613;150;150;148;2;90;58
04;KARLOVAČKA ŽUPANIJA;grad;DUGA RESA;011;BIRAČKO MJESTO BR. 11;KUĆA PROTULIPAC VIDE;PETRAKOVO BRDO 22B;118;44;44;44;0;26;18
04;KARLOVAČKA ŽUPANIJA;grad;DUGA RESA;012;BIRAČKO MJESTO BR. 12;PROSTORIJE SPORTSKOG DRUŠTVA BRODAC;GORNJE MRZLO POLJE MREŽNIČKO 101 C;532;107;107;102;5;66;36
04;KARLOVAČKA ŽUPANIJA;grad;DUGA RESA;013;BIRAČKO MJESTO BR. 13;PROSTORIJE MO VAROŠ;RADIĆEVA ULICA BB;797;149;149;146;3;86;60
04;KARLOVAČKA ŽUPANIJA;grad;DUGA RESA;014;BIRAČKO MJESTO BR. 14;PROSTORIJE MO BELAJSKA VINICA;BELAJSKA VINICA BB;232;51;51;50;1;41;9
04;KARLOVAČKA ŽUPANIJA;grad;DUGA RESA;015;BIRAČKO MJESTO BR. 15;PROSTORIJE BIVŠE EKONOMIJE;MREŽNIČKI BRIG 51;283;40;40;40;0;25;15
04;KARLOVAČKA ŽUPANIJA;grad;DUGA RESA;016;BIRAČKO MJESTO BR. 16;MONTAŽNI OBJEKT PORED KUĆE MIJE MIHALIĆA;MIHALIĆ SELO 15;111;27;27;26;1;25;1
04;KARLOVAČKA ŽUPANIJA;grad;DUGA RESA;017;BIRAČKO MJESTO BR. 17;PROSTOR MO SVETA JELENA;MREŽNIČKI NOVAKI BB;147;52;52;52;0;37;15
04;KARLOVAČKA ŽUPANIJA;grad;DUGA RESA;018;BIRAČKO MJESTO BR. 18;PROSTORIJE PODRUČNE ŠKOLE BELAVIĆI;BELAVIĆI;476;97;97;94;3;66;28
04;KARLOVAČKA ŽUPANIJA;grad;DUGA RESA;019;BIRAČKO MJESTO BR. 19;DRUŠTVENI DOM DVORJANCI;DVORJANCI BB;173;49;49;49;0;26;23
04;KARLOVAČKA ŽUPANIJA;grad;DUGA RESA;020;BIRAČKO MJESTO BR. 20;PODRUČNA ŠKOLA ZVEČAJ;ZVEČAJ 78;249;56;56;55;1;40;15
04;KARLOVAČKA ŽUPANIJA;grad;DUGA RESA;021;BIRAČKO MJESTO BR. 21;ŠKOLA DONJI ZVEČAJ;DONJI ZVEČAJ 8;144;54;54;54;0;32;22
04;KARLOVAČKA ŽUPANIJA;grad;DUGA RESA;022;BIRAČKO MJESTO BR. 22;KUĆA MALOVIĆ IVICE;MREŽNIČKI VENAC 17;113;37;37;36;1;26;10
04;KARLOVAČKA ŽUPANIJA;grad;DUGA RESA;023;BIRAČKO MJESTO BR. 23;KUĆA MIJE KAPELIĆA;GRŠĆAKI 1;64;13;13;13;0;7;6
04;KARLOVAČKA ŽUPANIJA;grad;DUGA RESA;024;BIRAČKO MJESTO BR. 24;"KLUB ŠPORTSKIH RIBOLOVACA ""MREŽNICA""";SVETI PETAR MREŽNIČKI 28A;328;62;62;59;3;42;17
04;KARLOVAČKA ŽUPANIJA;grad;DUGA RESA;025;BIRAČKO MJESTO BR. 25;PROSTORIJE MO LIŠNICA;LIŠNICA BB;149;42;42;41;1;30;11
04;KARLOVAČKA ŽUPANIJA;grad;KARLOVAC;001;BIRAČKO MJESTO BR. 1;MV TREND D.O.O. (NOVA TRŽNICA);TRG HRVATSKIH BRANITELJA 4;548;233;233;226;7;111;115
04;KARLOVAČKA ŽUPANIJA;grad;KARLOVAC;002;BIRAČKO MJESTO BR. 2;"GRADSKA KNJIŽNICA ""I.G.KOVAČIĆ""";LJ. ŠESTIĆA 1;1466;642;642;621;21;270;351
04;KARLOVAČKA ŽUPANIJA;grad;KARLOVAC;003;BIRAČKO MJESTO BR. 3;MV TREND D.O.O. (NOVA TRŽNICA);TRG HRVATSKIH BRANITELJA 4;585;257;257;249;8;108;141
04;KARLOVAČKA ŽUPANIJA;grad;KARLOVAC;004;BIRAČKO MJESTO BR. 4;VELEUČILIŠTE KARLOVAC;MEŠTROVIĆEVA 10;743;276;276;266;10;125;141
04;KARLOVAČKA ŽUPANIJA;grad;KARLOVAC;005;BIRAČKO MJESTO BR. 5;VELEUČILIŠTE KARLOVAC;MEŠTROVIĆEVA 10;1526;685;685;664;21;322;342
04;KARLOVAČKA ŽUPANIJA;grad;KARLOVAC;006;BIRAČKO MJESTO BR. 6;OSNOVNA ŠKOLA GRABRIK;BARTOLA KAŠIĆA 15;1209;515;515;497;18;223;274
04;KARLOVAČKA ŽUPANIJA;grad;KARLOVAC;007;BIRAČKO MJESTO BR. 7;OSNOVNA ŠKOLA GRABRIK;BARTOLA KAŠIĆA 15;1138;455;455;436;19;217;219
04;KARLOVAČKA ŽUPANIJA;grad;KARLOVAC;008;BIRAČKO MJESTO BR. 8;OSNOVNA ŠKOLA GRABRIK;BARTOLA KAŠIĆA 15;1376;555;554;538;16;301;237
04;KARLOVAČKA ŽUPANIJA;grad;KARLOVAC;009;BIRAČKO MJESTO BR. 9;GRADSKA ČETVRT ZVIJEZDA;BANJAVČIĆEVA 8 (ČITAONICA);396;170;170;165;5;96;69
04;KARLOVAČKA ŽUPANIJA;grad;KARLOVAC;010;BIRAČKO MJESTO BR 10;EKONOMSKA ŠKOLA KARLOVAC;KURELČEVA 2;416;174;174;167;7;73;94
04;KARLOVAČKA ŽUPANIJA;grad;KARLOVAC;011;BIRAČKO MJESTO BR. 11;PROSTORIJE TVRTKI VODOVOD I KANALIZACIJA D.O.O I ČISTOĆA D.O.O.;GAŽANSKI TRG 8 (U PRIZEMLJU);356;123;123;120;3;62;58
04;KARLOVAČKA ŽUPANIJA;grad;KARLOVAC;012;BIRAČKO MJESTO BR. 12;PROSTORIJE G.Č. GAZA;GAŽANSKI TRG 11;846;314;314;300;14;156;144
04;KARLOVAČKA ŽUPANIJA;grad;KARLOVAC;013;BIRAČKO MJESTO BR. 13;PROSTORIJE PRIRODOSLOVNE ŠKOLE KARLOVAC;STJEPANA MIHALIĆA 43;454;169;169;158;11;92;66
04;KARLOVAČKA ŽUPANIJA;grad;KARLOVAC;014;BIRAČKO MJESTO BR. 14;PROSTORIJE MJESNOG ODBORA GRADAC;GRADAC 31;349;137;137;132;5;88;44
04;KARLOVAČKA ŽUPANIJA;grad;KARLOVAC;015;BIRAČKO MJESTO BR. 15;PROSTORIJE MJESNOG ODBORA ORLOVAC;REČIČKA 55;717;307;307;297;10;254;43
04;KARLOVAČKA ŽUPANIJA;grad;KARLOVAC;016;BIRAČKO MJESTO BR. 16;DRUŠTVENI DOM HUSJE;HUSJE 29 B;148;98;98;92;6;77;15
04;KARLOVAČKA ŽUPANIJA;grad;KARLOVAC;017;BIRAČKO MJESTO BR. 17;VATROGASNI DOM DVD POKUPSKI KOBILIĆ;KOBILIĆ POKUPSKI 29 A;35;20;20;20;0;10;10
04;KARLOVAČKA ŽUPANIJA;grad;KARLOVAC;018;BIRAČKO MJESTO BR. 18;PROSTORIJE MO POKUPSKA DOLINA;DONJE MEKUŠJE 33 A;176;115;115;115;0;89;26
04;KARLOVAČKA ŽUPANIJA;grad;KARLOVAC;019;BIRAČKO MJESTO BR. 19;PROSTORIJE DRUŠTVENOG DOMA VODOSTAJ;VODOSTAJ 42 C;227;131;131;130;1;98;32
04;KARLOVAČKA ŽUPANIJA;grad;KARLOVAC;020;BIRAČKO MJESTO BR. 20;DRUŠTVENI DOM ČURJACI;VODOSTAJ 140 B;51;28;28;28;0;16;12
04;KARLOVAČKA ŽUPANIJA;grad;KARLOVAC;021;BIRAČKO MJESTO BR. 21;PROSTORIJE MO REČICA;POKUPSKA LUKA  9;313;95;95;92;3;72;20
04;KARLOVAČKA ŽUPANIJA;grad;KARLOVAC;022;BIRAČKO MJESTO BR. 22;DRUŠTVENI DOM KARASI;KARASI 13 A;53;40;40;40;0;37;3
04;KARLOVAČKA ŽUPANIJA;grad;KARLOVAC;023;BIRAČKO MJESTO BR. 23;"PROSTORIJE ""ZUK"" ZAMRŠJE";ZAMRŠJE 30 B;144;94;94;94;0;76;18
04;KARLOVAČKA ŽUPANIJA;grad;KARLOVAC;024;BIRAČKO MJESTO BR. 24;PROSTORIJE ZDRAVSTVENE AMB.REČICA;REČICA 47 B;271;174;174;167;7;150;17
04;KARLOVAČKA ŽUPANIJA;grad;KARLOVAC;025;BIRAČKO MJESTO BR. 25;VATROGASNI DOM DVD DONJA REČICA;REČICA 166;164;91;91;88;3;75;13
04;KARLOVAČKA ŽUPANIJA;grad;KARLOVAC;026;BIRAČKO MJESTO BR. 26;VATROGASNI DOM DVD KORITINJA;KORITINJA 23 A;131;108;108;107;1;95;12
04;KARLOVAČKA ŽUPANIJA;grad;KARLOVAC;027;BIRAČKO MJESTO BR. 27;PROSTORIJE MO ŠIŠLJAVIĆ;ŠIŠLJAVIĆ 67;407;236;235;228;7;210;18
04;KARLOVAČKA ŽUPANIJA;grad;KARLOVAC;028;BIRAČKO MJESTO BR. 28;DRUŠTVENI DOM RIBARI;RIBARI 29 A;123;116;116;113;3;106;7
04;KARLOVAČKA ŽUPANIJA;grad;KARLOVAC;029;BIRAČKO MJESTO BR. 29;VATROGASNI DOM DVD BROĐANI;BROĐANI 38 A;30;24;24;24;0;21;3
04;KARLOVAČKA ŽUPANIJA;grad;KARLOVAC;030;BIRAČKO MJESTO BR. 30;"LOVAČKI DOM ""LISICA""";BREŽANI 9 A;100;70;70;69;1;64;5
04;KARLOVAČKA ŽUPANIJA;grad;KARLOVAC;031;BIRAČKO MJESTO BR. 31;GIMNAZIJA KARLOVAC;RAKOVAC 4;1184;440;440;420;20;230;190
04;KARLOVAČKA ŽUPANIJA;grad;KARLOVAC;032;BIRAČKO MJESTO BR. 32;EKONOMSKA ŠKOLA KARLOVAC;KURELČEVA 2;231;96;96;91;5;29;62
04;KARLOVAČKA ŽUPANIJA;grad;KARLOVAC;033;BIRAČKO MJESTO BR. 33;PROSTORIJE GRADSKE ČETVRTI RAKOVAC;DOMOBRANSKA 20 C;1233;541;541;512;29;257;255
04;KARLOVAČKA ŽUPANIJA;grad;KARLOVAC;034;BIRAČKO MJESTO BR. 34;GIMNAZIJA KARLOVAC;RAKOVAC 4;506;199;198;189;9;83;106
04;KARLOVAČKA ŽUPANIJA;grad;KARLOVAC;035;BIRAČKO MJESTO BR. 35;PROSTORIJE MO LOGORIŠTE;LOGORIŠTE 38;319;152;152;146;6;99;47
04;KARLOVAČKA ŽUPANIJA;grad;KARLOVAC;036;BIRAČKO MJESTO BR. 36;PROSTORIJE MO MALA ŠVARČA;MALA ŠVARČA 84;691;309;309;299;10;210;89
04;KARLOVAČKA ŽUPANIJA;grad;KARLOVAC;037;BIRAČKO MJESTO BR. 37;PROSTORIJE GČ ŠVARČA;TRG SV.FRANJE KSAVERSKOG 2;915;372;372;358;14;212;146
04;KARLOVAČKA ŽUPANIJA;grad;KARLOVAC;038;BIRAČKO MJESTO BR. 38;PROSTORIJE GČ ŠVARČA;TRG SV.FRANJE KSAVERSKOG 2;1816;649;649;627;22;345;282
04;KARLOVAČKA ŽUPANIJA;grad;KARLOVAC;039;BIRAČKO MJESTO BR. 39;PROSTORIJE GČ LUŠČIĆ-JAMADOL;MEDOVIĆEVA 5 C;1075;460;460;451;9;221;230
04;KARLOVAČKA ŽUPANIJA;grad;KARLOVAC;040;BIRAČKO MJESTO BR. 40;PROSTORIJE GČ LUŠČIĆ-JAMADOL;MEDOVIĆEVA 5 C;1177;471;471;453;18;203;250
04;KARLOVAČKA ŽUPANIJA;grad;KARLOVAC;041;BIRAČKO MJESTO BR. 41;ŠPORTSKA STRELJANA;JAMADOLSKA 2 A;845;384;384;374;10;198;176
04;KARLOVAČKA ŽUPANIJA;grad;KARLOVAC;042;BIRAČKO MJESTO BR. 42;MO LADVENJAK-DOM SELIŠĆE;LADVENJAK 56 B;163;80;80;77;3;63;14
04;KARLOVAČKA ŽUPANIJA;grad;KARLOVAC;043;BIRAČKO MJESTO BR. 43;DRUŠTVENI DOM LADVENJAK;LADVENJAK 101 B;177;50;50;47;3;34;13
04;KARLOVAČKA ŽUPANIJA;grad;KARLOVAC;044;BIRAČKO MJESTO BR. 44;OSNOVNA ŠKOLA TUŠILOVIĆ;TUŠILOVIĆ 58;788;328;328;328;0;298;30
04;KARLOVAČKA ŽUPANIJA;grad;KARLOVAC;045;BIRAČKO MJESTO BR. 45;PROSTORIJE GRADSKE ČETVRTI MOSTANJE;MOSTANJE 94;515;189;189;187;2;108;79
04;KARLOVAČKA ŽUPANIJA;grad;KARLOVAC;046;BIRAČKO MJESTO BR. 46;PROSTORIJE GRADSKE ČETVRTI MOSTANJE-KUD-A MOSTANJE;MOSTANJE 94;556;234;234;227;7;148;79
04;KARLOVAČKA ŽUPANIJA;grad;KARLOVAC;047;BIRAČKO MJESTO BR. 47;PRIVATNA KUĆA ŽELJKA STAVLJENIĆA;JELAŠI 74;356;130;130;125;5;82;43
04;KARLOVAČKA ŽUPANIJA;grad;KARLOVAC;048;BIRAČKO MJESTO BR. 48;DRUŠTVENI DOM TURANJSKI GOLJAKI;TURANJSKI GOLJAKI;262;104;104;101;3;81;20
04;KARLOVAČKA ŽUPANIJA;grad;KARLOVAC;049;BIRAČKO MJESTO BR. 49;DRUŠTVENI DOM ZASTINJA;ZASTINJA 11;125;91;91;89;2;76;13
04;KARLOVAČKA ŽUPANIJA;grad;KARLOVAC;050;BIRAČKO MJESTO BR. 50;PROSTORIJE GČ TURANJ;BRAĆE GOJAK 4;1179;392;392;378;14;240;138
04;KARLOVAČKA ŽUPANIJA;grad;KARLOVAC;051;BIRAČKO MJESTO BR. 51;PROSTORIJE GČ TURANJ,PROSTORIJA SAJEVAC;BRAĆE GOJAK 111;483;117;117;113;4;79;34
04;KARLOVAČKA ŽUPANIJA;grad;KARLOVAC;052;BIRAČKO MJESTO BR. 52;PROSTORIJE MO KAMENSKO;KAMENSKO 73 B;410;150;150;140;10;97;43
04;KARLOVAČKA ŽUPANIJA;grad;KARLOVAC;053;BIRAČKO MJESTO BR. 53;PROSTORIJE MO GORNJE MEKUŠJE;MEKUŠANSKA CESTA 63;416;171;171;164;7;103;61
04;KARLOVAČKA ŽUPANIJA;grad;KARLOVAC;054;BIRAČKO MJESTO BR. 54;PROSTORIJE MO CEROVAC VUKMANIĆKI;CEROVAC VUKMANIĆKI 58;822;261;261;250;11;198;52
04;KARLOVAČKA ŽUPANIJA;grad;KARLOVAC;055;BIRAČKO MJESTO BR. 55;PROSTORIJE MO VUKMANIĆ;VUKMANIĆ 88;188;113;113;108;5;92;16
04;KARLOVAČKA ŽUPANIJA;grad;KARLOVAC;056;BIRAČKO MJESTO BR. 56;PROSTORIJE MO  POPOVIĆ BRDO;POPOVIĆ BRDO 30 B;239;106;106;104;2;91;13
04;KARLOVAČKA ŽUPANIJA;grad;KARLOVAC;057;BIRAČKO MJESTO BR. 57;PROSTORIJE MO POPOVIĆ BRDO;POPOVIĆ BRDO 30 B;128;25;25;25;0;16;9
04;KARLOVAČKA ŽUPANIJA;grad;KARLOVAC;058;BIRAČKO MJESTO BR. 58;PROSTORIJE MO KABLAR;KABLAR 12;152;91;91;87;4;67;20
04;KARLOVAČKA ŽUPANIJA;grad;KARLOVAC;059;BIRAČKO MJESTO BR. 59;PRIVATNA KUĆA ANDRIJE KLOBUČARA;SLUNJSKA SELNICA 51;62;54;54;53;1;43;10
04;KARLOVAČKA ŽUPANIJA;grad;KARLOVAC;060;BIRAČKO MJESTO BR. 60;PRIVATNA KUĆA ŽELJKA BABURIĆA;BANSKA SELNICA 53;75;68;68;66;2;64;2
04;KARLOVAČKA ŽUPANIJA;grad;KARLOVAC;061;BIRAČKO MJESTO BR. 61;PROSTORIJE OSNOVNE ŠKOLE SKAKAVAC;SKAKAVAC 44;249;135;135;134;1;91;43
04;KARLOVAČKA ŽUPANIJA;grad;KARLOVAC;062;BIRAČKO MJESTO BR. 62;PRIVATNA KUĆA MATE JOHA;SLUNJSKI MORAVCI  3;66;28;28;26;2;19;7
04;KARLOVAČKA ŽUPANIJA;grad;KARLOVAC;063;BIRAČKO MJESTO BR. 63;PROSTORIJE MO SJENIČAK-UTINJA;GORNJI SJENIČAK 260;217;14;14;14;0;9;5
04;KARLOVAČKA ŽUPANIJA;grad;KARLOVAC;064;BIRAČKO MJESTO BR. 64;TRGOVINA TIBICEN;UTINJA 3 A;113;32;32;32;0;30;2
04;KARLOVAČKA ŽUPANIJA;grad;KARLOVAC;065;BIRAČKO MJESTO BR. 65;STARA ŠKOLA DUBOVAC;DUBOVAC 8;353;117;117;114;3;69;45
04;KARLOVAČKA ŽUPANIJA;grad;KARLOVAC;066;BIRAČKO MJESTO BR. 66;PROSTORIJE GČ DUBOVAC;DUBOVAC 11;807;327;327;318;9;153;165
04;KARLOVAČKA ŽUPANIJA;grad;KARLOVAC;067;BIRAČKO MJESTO BR. 67;OSNOVNA ŠKOLA DUBOVAC;PRIMORSKA 9;593;213;213;206;7;111;95
04;KARLOVAČKA ŽUPANIJA;grad;KARLOVAC;068;BIRAČKO MJESTO BR. 68;PROSTORIJE MJESNOG ODBORA, BORLIN;V.BOGOVIĆA 17;1308;621;621;603;18;338;265
04;KARLOVAČKA ŽUPANIJA;grad;KARLOVAC;069;BIRAČKO MJESTO BR. 69;PROSTORIJE MO ZAGRAD-KALVARIJA-VUČJAK;KALVARIJA 7 B;665;266;266;263;3;167;96
04;KARLOVAČKA ŽUPANIJA;grad;KARLOVAC;070;BIRAČKO MJESTO BR. 70;PROSTORIJE MO VELIKA JELSA;DONJA JELSA 186;1407;492;492;478;14;271;207
04;KARLOVAČKA ŽUPANIJA;grad;KARLOVAC;071;BIRAČKO MJESTO BR. 71;PROSTORIJE MO MALA JELSA;MALA JELSA 9 A;294;150;150;146;4;100;46
04;KARLOVAČKA ŽUPANIJA;grad;KARLOVAC;072;BIRAČKO MJESTO BR. 72;OSNOVNA ŠKOLA ZADOBARJE;ZADOBARJE;304;158;158;155;3;100;55
04;KARLOVAČKA ŽUPANIJA;grad;KARLOVAC;073;BIRAČKO MJESTO BR. 73;PROSTORIJE MO GORNJE STATIVE;GORNJE STATIVE 1 A;357;176;176;174;2;130;44
04;KARLOVAČKA ŽUPANIJA;grad;KARLOVAC;074;BIRAČKO MJESTO BR. 74;"OSNOVNA ŠKOLA ""BRAĆE SELJAN""";DOMOBRANSKA 2;567;242;242;227;15;108;119
04;KARLOVAČKA ŽUPANIJA;grad;KARLOVAC;075;BIRAČKO MJESTO BR. 75;"OSNOVNA ŠKOLA ""BRAĆA SELJAN""";DOMOBRANSKA 2;863;360;360;344;16;189;155
04;KARLOVAČKA ŽUPANIJA;grad;KARLOVAC;076;BIRAČKO MJESTO BR. 76;PROSTORIJE GČ ZVIJEZDA;GUNDULIĆEVA 8;462;189;189;188;1;91;97
04;KARLOVAČKA ŽUPANIJA;grad;KARLOVAC;077;BIRAČKO MJESTO BR. 77;OSNOVNA ŠKOLA BANIJA;DR.GAJE PETROVIĆA 5;418;157;157;156;1;89;67
04;KARLOVAČKA ŽUPANIJA;grad;KARLOVAC;078;BIRAČKO MJESTO BR. 78;PROSTORIJE GČ BANIJA;A.STARČEVIĆA 20;323;134;134;124;10;69;55
04;KARLOVAČKA ŽUPANIJA;grad;KARLOVAC;079;BIRAČKO MJESTO BR. 79;OSNOVNA ŠKOLA BANIJA;DR.GAJE PETROVIĆA 5;632;227;227;215;12;123;92
04;KARLOVAČKA ŽUPANIJA;grad;KARLOVAC;080;BIRAČKO MJESTO BR. 80;PROSTORIJE GČ BANIJA;A.STARČEVIĆA 20;443;138;138;132;6;62;70
04;KARLOVAČKA ŽUPANIJA;grad;KARLOVAC;081;BIRAČKO MJESTO BR. 81;OSNOVNA ŠKOLA BANIJA (PREDVORJE LIJEVO);DR.GAJE PETROVIĆA 5;355;124;124;118;6;77;41
04;KARLOVAČKA ŽUPANIJA;grad;KARLOVAC;082;BIRAČKO MJESTO BR. 82;PRIVATNA KUĆA NIKOLE I MIRE ŠKRGIĆ;BANIJA 99;284;151;151;145;6;98;47
04;KARLOVAČKA ŽUPANIJA;grad;KARLOVAC;083;BIRAČKO MJESTO BR. 83;ŠERIF EXPORT-IMPORT D.O.O.;ZAGREBAČKA 19;242;85;85;78;7;37;41
04;KARLOVAČKA ŽUPANIJA;grad;KARLOVAC;084;BIRAČKO MJESTO BR.84;GRADSKA ČETVRT DREŽNIK;DUBROVAČKA 5 B;818;318;317;298;19;152;146
04;KARLOVAČKA ŽUPANIJA;grad;KARLOVAC;085;BIRAČKO MJESTO BR.85;PROSTORIJE GČ DREŽNIK;DUBROVAČKA 5 B;327;125;125;119;6;72;47
04;KARLOVAČKA ŽUPANIJA;grad;KARLOVAC;086;BIRAČKO MJESTO BR. 86;OSNOVNA ŠKOLA HRNETIĆ;HRNETIĆ 20;570;226;226;218;8;140;78
04;KARLOVAČKA ŽUPANIJA;grad;KARLOVAC;087;BIRAČKO MJESTO BR.87;PROSTORIJE MO DONJE POKUPJE;DONJE POKUPJE 72;440;249;249;237;12;160;77
04;KARLOVAČKA ŽUPANIJA;grad;KARLOVAC;088;BIRAČKO MJESTO BR 88;PROSTORIJE MO MAHIČNO-TUŠKANI;MAHIČNO 92;405;133;133;126;7;77;49
04;KARLOVAČKA ŽUPANIJA;grad;KARLOVAC;089;BIRAČKO MJESTO BR 89;OSNOVNA ŠKOLA MAHIČNO;MAHIČNO 1 C;244;91;91;88;3;65;23
04;KARLOVAČKA ŽUPANIJA;grad;KARLOVAC;090;BIRAČKO MJESTO 90;VATROGASNI DOM DVD PRISELCI;PRISELCI 43 A;86;45;45;45;0;35;10
04;KARLOVAČKA ŽUPANIJA;grad;KARLOVAC;091;BIRAČKO MJESTO BR 91;OSNOVNA ŠKOLA GORŠĆAKI;GORŠĆAKI 10;210;84;84;80;4;65;15
04;KARLOVAČKA ŽUPANIJA;grad;KARLOVAC;092;BIRAČKO MJESTO BR.92;VATROGASNI DOM DVD TUŠKANI;TUŠKANI 11;264;115;115;109;6;90;19
04;KARLOVAČKA ŽUPANIJA;grad;KARLOVAC;093;BIRAČKO MJESTO BR 93;PROSTORIJE MO KNEZ GORICA;KNEZ GORICA 40 A;106;70;70;70;0;66;4
04;KARLOVAČKA ŽUPANIJA;grad;OGULIN;001;BIRAČKO MJESTO BR. 1;DOM DONJE DUBRAVE;DONJE DUBRAVE BB;152;29;29;27;2;7;20
04;KARLOVAČKA ŽUPANIJA;grad;OGULIN;002;BIRAČKO MJESTO BR. 2;PROSTORIJE MJESNOG ODBORA GORNJE DUBRAVE;GORNJE DUBRAVE BB;70;11;11;11;0;3;8
04;KARLOVAČKA ŽUPANIJA;grad;OGULIN;003;BIRAČKO MJESTO BR. 3;PODRUČNA ŠKOLA TROŠMARIJA;TROŠMARIJA 1;135;37;37;36;1;29;7
04;KARLOVAČKA ŽUPANIJA;grad;OGULIN;004;BIRAČKO MJESTO BR. 4;DOM SV. ANTUN;ŽEGAR 1;972;245;245;241;4;115;126
04;KARLOVAČKA ŽUPANIJA;grad;OGULIN;005;BIRAČKO MJESTO BR. 5;PODRUČNA ŠKOLA PONIKVE;PONIKVE 21;59;29;29;29;0;24;5
04;KARLOVAČKA ŽUPANIJA;grad;OGULIN;006;BIRAČKO MJESTO BR. 6;PODRUČNA ŠKOLA HRELJIN OGULINSKI;HRELJIN OGULINSKI 3;395;88;88;88;0;60;28
04;KARLOVAČKA ŽUPANIJA;grad;OGULIN;007;BIRAČKO MJESTO BR. 7;DOM SV. PETAR;SV. PETAR BB;886;223;223;219;4;95;124
04;KARLOVAČKA ŽUPANIJA;grad;OGULIN;008;BIRAČKO MJESTO BR. 8;PODRUČNA ŠKOLA TURKOVIĆI, TURKOVIĆI OGULINSKI;TURKOVIĆI 10;266;79;79;78;1;46;32
04;KARLOVAČKA ŽUPANIJA;grad;OGULIN;009;BIRAČKO MJESTO BR. 9;PROSTORIJE MJESNOG ODBORA PRAPUĆE-ZAGRAD (BIVŠI ''METIS'');MALA CESTA 6;1420;417;417;413;4;164;249
04;KARLOVAČKA ŽUPANIJA;grad;OGULIN;010;BIRAČKO MJESTO BR. 10;PODRUČNA ŠKOLA DESMERICE;DESMERICE 54;204;99;99;96;3;60;36
04;KARLOVAČKA ŽUPANIJA;grad;OGULIN;011;BIRAČKO MJESTO BR. 11;PODRUČNA ŠKOLA ZAGORJE;GORNJE ZAGORJE BB;504;95;95;93;2;76;17
04;KARLOVAČKA ŽUPANIJA;grad;OGULIN;012;BIRAČKO MJESTO BR. 12;PODRUČNA ŠKOLA KUČINIĆI;KUČINIĆ SELO 26;1127;331;331;327;4;173;154
04;KARLOVAČKA ŽUPANIJA;grad;OGULIN;013;BIRAČKO MJESTO BR. 13;DOM RIBARIĆI;RIBARIĆI BB;256;106;106;103;3;73;30
04;KARLOVAČKA ŽUPANIJA;grad;OGULIN;014;BIRAČKO MJESTO BR. 14;PODRUČNA ŠKOLA OTOK OŠTARIJSKI;OTOK OŠTARIJSKI 73;317;94;94;92;2;18;74
04;KARLOVAČKA ŽUPANIJA;grad;OGULIN;015;BIRAČKO MJESTO BR. 15;PODRUČNA ŠKOLA POTOK MUSULINSKI;POTOK MUSULINSKI BB;83;18;18;18;0;3;15
04;KARLOVAČKA ŽUPANIJA;grad;OGULIN;016;BIRAČKO MJESTO BR. 16;PODRUČNA ŠKOLA JASENAK;JASENAK 28;173;42;42;40;2;11;29
04;KARLOVAČKA ŽUPANIJA;grad;OGULIN;017;BIRAČKO MJESTO BR. 17;PROSTORIJE MJESNOG ODBORA DREŽNICA (IZNAD POŠTE);DREŽNICA 8;354;41;41;41;0;8;33
04;KARLOVAČKA ŽUPANIJA;grad;OGULIN;018;BIRAČKO MJESTO BR. 18;DOM SV. JAKOVA;SV. JAKOV BB;801;195;195;194;1;81;113
04;KARLOVAČKA ŽUPANIJA;grad;OGULIN;019;BIRAČKO MJESTO BR. 19;"DOM DOBROTVORNOG PODUPIRAJUĆEG DRUŠTVA ""SV. ROK"" U LOMOSTU";LOMOŠĆANSKA CESTA 19;967;310;310;308;2;165;143
04;KARLOVAČKA ŽUPANIJA;grad;OGULIN;020;BIRAČKO MJESTO BR. 20;DOM ŽELJEZNIČARA;SABORČANSKA 5;357;117;117;117;0;39;78
04;KARLOVAČKA ŽUPANIJA;grad;OGULIN;021;BIRAČKO MJESTO BR. 21;"SPORTSKA DVORANA ""IVICA CINDRIĆ - PIVA""";J.B. JELAČIĆA 1 A;622;203;203;200;3;73;127
04;KARLOVAČKA ŽUPANIJA;grad;OGULIN;022;BIRAČKO MJESTO BR. 22;GIMNAZIJA I STRUKOVNA ŠKOLA BERNARDINA FRANKOPANA;STRUGA 3;765;214;214;213;1;76;137
04;KARLOVAČKA ŽUPANIJA;grad;OZALJ;001;BIRAČKO MJESTO BR. 1 KURILOVAC;GRADSKA VIJEĆNICA;KURILOVAC 1;830;463;462;446;16;207;239
04;KARLOVAČKA ŽUPANIJA;grad;OZALJ;002;BIRAČKO MJESTO BR. 2 ZAJAČKO SELO;VATROGASNI DOM;ZAJAČKO SELO;331;193;193;183;10;118;65
04;KARLOVAČKA ŽUPANIJA;grad;OZALJ;003;BIRAČKO MJESTO BR. 3 OZALJ GRAD;OZALJ GRAD;ZRINSKIH I FRANKOPANA 15;264;140;140;139;1;69;70
04;KARLOVAČKA ŽUPANIJA;grad;OZALJ;004;BIRAČKO MJESTO BR. 4 MALI ERJAVEC;MO MALI ERJAVEC;MALI ERJAVEC;394;176;176;170;6;89;81
04;KARLOVAČKA ŽUPANIJA;grad;OZALJ;005;BIRAČKO MJESTO BR. 5 GRDUN;MO GRDUN;GRDUN;108;52;52;51;1;32;19
04;KARLOVAČKA ŽUPANIJA;grad;OZALJ;006;BIRAČKO MJESTO BR. 6 TOMAŠNICA;KUĆA STJEPANA DUMEŠIĆA;TOMAŠNICA 19;119;60;60;60;0;10;50
04;KARLOVAČKA ŽUPANIJA;grad;OZALJ;007;BIRAČKO MJESTO BR. 7 JAŠKOVO;MO JAŠKOVO;JAŠKOVO;374;168;168;163;5;93;70
04;KARLOVAČKA ŽUPANIJA;grad;OZALJ;008;BIRAČKO MJESTO BR. 8 NOVAKI OZALJSKI;VATROGASNI DOM DVORIŠĆE;OZALJSKI NOVAKI;141;63;63;63;0;28;35
04;KARLOVAČKA ŽUPANIJA;grad;OZALJ;009;BIRAČKO MJESTO BR. 9 FRATROVCI;KUĆA JOSIPA MRLJAKA;FRATROVCI  21;34;21;21;19;2;6;13
04;KARLOVAČKA ŽUPANIJA;grad;OZALJ;010;BIRAČKO MJESTO BR. 10 SVETIČKO HRAŠĆE;LOVAČKI DOM;SVETIČKO HRAŠĆE;121;49;49;49;0;31;18
04;KARLOVAČKA ŽUPANIJA;grad;OZALJ;011;BIRAČKO MJESTO BR. 11 POLICE;ŠKOLA POLICE;POLICE;199;77;77;73;4;27;46
04;KARLOVAČKA ŽUPANIJA;grad;OZALJ;012;BIRAČKO MJESTO BR. 12 VIVODINA;MO VIVODINA;VIVODINA;322;169;169;167;2;137;30
04;KARLOVAČKA ŽUPANIJA;grad;OZALJ;013;BIRAČKO MJESTO BR. 13 OBREŽ VIVODINSKI;VATROGASNI DOM;OBREŽ VIVODINSKI;155;82;82;82;0;45;37
04;KARLOVAČKA ŽUPANIJA;grad;OZALJ;014;BIRAČKO MJESTO BR. 14 DOJUTROVICA;VATROGASNI DOM;DOJUTROVICA;51;28;28;28;0;11;17
04;KARLOVAČKA ŽUPANIJA;grad;OZALJ;015;BIRAČKO MJESTO BR. 15 STOJAVNICE;KUĆA JANKA KOSTELCA;SRŠIĆI 6;44;18;18;18;0;10;8
04;KARLOVAČKA ŽUPANIJA;grad;OZALJ;016;BIRAČKO MJESTO BR. 16 PODBREŽJE;ŠKOLA PODBREŽJE;PODBREŽJE;252;120;120;116;4;59;57
04;KARLOVAČKA ŽUPANIJA;grad;OZALJ;017;BIRAČKO MJESTO BR. 17 LOVIĆ PREKRIŠKI;VATROGASNI DOM;LOVIĆ PREKRIŠKI;58;27;27;27;0;24;3
04;KARLOVAČKA ŽUPANIJA;grad;OZALJ;018;BIRAČKO MJESTO BR. 18 VRHOVAC;VATROGASNI DOM;VRHOVAC;429;210;210;205;5;105;100
04;KARLOVAČKA ŽUPANIJA;grad;OZALJ;019;BIRAČKO MJESTO BR. 19 TRG;ŠKOLA TRG;TRG;176;72;72;67;5;38;29
04;KARLOVAČKA ŽUPANIJA;grad;OZALJ;020;BIRAČKO MJESTO BR. 20 POLJE OZALJSKO;DOM ŠLJUNČARA;POLJE OZALJSKO;241;105;105;100;5;67;33
04;KARLOVAČKA ŽUPANIJA;grad;OZALJ;021;BIRAČKO MJESTO BR. 21 ZORKOVAC;ŠKOLA ZORKOVAC;ZORKOVAC;174;88;88;86;2;52;34
04;KARLOVAČKA ŽUPANIJA;grad;OZALJ;022;BIRAČKO MJESTO BR. 22 ZORKOVAC NA KUPI;KUĆA BRANKA KOSMAČA;ZORKOVAC NA KUPI 18;91;61;61;59;2;47;12
04;KARLOVAČKA ŽUPANIJA;grad;OZALJ;023;BIRAČKO MJESTO BR. 23 LEVKUŠJE;VATROGASNI DOM;LEVKUŠJE;155;81;81;77;4;47;30
04;KARLOVAČKA ŽUPANIJA;grad;OZALJ;024;BIRAČKO MJESTO BR. 24 GORNJE POKUPJE;KUĆA VESNE SEVERINSKI;GORNJE POKUPJE 30;139;55;55;53;2;32;21
04;KARLOVAČKA ŽUPANIJA;grad;OZALJ;025;BIRČKO MJESTO BROJ 25 RADATOVIĆI;VATROGASNI DOM;RADATOVIĆI;158;45;45;45;0;5;40
04;KARLOVAČKA ŽUPANIJA;grad;OZALJ;026;BIRAČKO MJESTO BROJ 26 KAŠT;VATROGASNI DOM;KAŠT;97;44;44;44;0;17;27
04;KARLOVAČKA ŽUPANIJA;grad;SLUNJ;001;BIRAČKO MJESTO BR. 1;KNJIŽNICA I ČITAONICA SLUNJ;TRG DR. FRANJE TUĐMANA 9, SLUNJ;623;133;133;128;5;97;31
04;KARLOVAČKA ŽUPANIJA;grad;SLUNJ;002;BIRAČKO MJESTO BR. 2;OSNOVNA ŠKOLA SLUNJ;SPORTSKA DVORANA, ULICA ŠKOLSKA 17;491;114;114;111;3;84;27
04;KARLOVAČKA ŽUPANIJA;grad;SLUNJ;003;BIRAČKO MJESTO BR. 3;VATROGASNI DOM SLUNJ;ULICA PLITVIČKA 9, SLUNJ;571;118;118;115;3;81;34
04;KARLOVAČKA ŽUPANIJA;grad;SLUNJ;004;BIRAČKO MJESTO BR. 4;MJESNI DOM U TABORIŠTU;DONJE TABORIŠTE 149 A;445;97;97;95;2;69;26
04;KARLOVAČKA ŽUPANIJA;grad;SLUNJ;005;BIRAČKO MJESTO BR. 5;OSNOVNA ŠKOLA U NIKŠIĆU;DONJI NIKŠIĆ 1;339;75;75;75;0;72;3
04;KARLOVAČKA ŽUPANIJA;grad;SLUNJ;006;BIRAČKO MJESTO BR. 6;OSNOVNA ŠKOLA U BLAGAJU;BLAGAJ 14;61;14;14;14;0;10;4
04;KARLOVAČKA ŽUPANIJA;grad;SLUNJ;007;BIRAČKO MJESTO BR. 7;VATROGASNI DOM U CVITOVIĆU;CVITOVIĆ 100;356;80;80;79;1;74;5
04;KARLOVAČKA ŽUPANIJA;grad;SLUNJ;008;BIRAČKO MJESTO BR. 8;OSNOVNA ŠKOLA KREMEN;KREMEN BB;328;55;55;54;1;46;8
04;KARLOVAČKA ŽUPANIJA;grad;SLUNJ;009;BIRAČKO MJESTO BR. 9;MJESNI DOM U LUMBARDENIKU;LUMBARDENIK 76 C;246;58;58;57;1;53;4
04;KARLOVAČKA ŽUPANIJA;grad;SLUNJ;010;BIRAČKO MJESTO BR. 10;OSNOVNA ŠKOLA LAĐEVAC;DONJI LAĐEVAC  BB;286;54;54;48;6;45;3
04;KARLOVAČKA ŽUPANIJA;grad;SLUNJ;011;BIRAČKO MJESTO BR. 11;OSNOVNA ŠKOLA U FURJANU;DONJI FURJAN 41;158;58;58;57;1;54;3
04;KARLOVAČKA ŽUPANIJA;grad;SLUNJ;012;BIRAČKO MJESTO BR. 12;OSNOVNA ŠKOLA PRIMIŠLJE;MJESTO PRIMIŠLJE 31 A;154;14;14;14;0;3;11
04;KARLOVAČKA ŽUPANIJA;grad;SLUNJ;013;BIRAČKO MJESTO BR. 13;AMBULANTA VELJUN;VELJUN BB;280;13;13;11;2;6;5
04;KARLOVAČKA ŽUPANIJA;općina;BARILOVIĆ;001;BIRAČKO MJESTO BR. 1;VATROGASNI DOM DVD BELAJSKE POLJICE;BELAJSKE POLJICE 101A;617;131;131;130;1;88;42
04;KARLOVAČKA ŽUPANIJA;općina;BARILOVIĆ;002;BIRAČKO MJESTO BR. 2;PODRUČNA ŠKOLA BELAJ;BELAJ 30;462;71;71;70;1;52;18
04;KARLOVAČKA ŽUPANIJA;općina;BARILOVIĆ;003;BIRAČKO MJESTO BR. 3;VATROGASNI DOM BARILOVIĆ;BARILOVIĆ 90B;267;54;54;53;1;34;19
04;KARLOVAČKA ŽUPANIJA;općina;BARILOVIĆ;004;BIRAČKO MJESTO BR. 4;ŠKOLA U DONJEM VELEMERIĆU;DONJI VELEMERIĆ 20;225;60;60;60;0;54;6
04;KARLOVAČKA ŽUPANIJA;općina;BARILOVIĆ;005;BIRAČKO MJESTO BR. 5;KUĆA KARAMARKOVIĆ MILOVAN;KOSIJERSKO SELO 41;132;9;9;9;0;4;5
04;KARLOVAČKA ŽUPANIJA;općina;BARILOVIĆ;006;BIRAČKO MJESTO BR. 6;KORANSKI BRIJEG - BIVŠA MLJEKARA;KORANSKI BRIJEG;92;27;27;26;1;14;12
04;KARLOVAČKA ŽUPANIJA;općina;BARILOVIĆ;007;BIRAČKO MJESTO BR. 7;KUĆA PRIJATELJSTVA - BLIZU ŽUPNOG DVORA U BARILOVIĆKOM LESKOVCU;BARILOVIĆKI LESKOVAC;160;59;59;59;0;53;6
04;KARLOVAČKA ŽUPANIJA;općina;BARILOVIĆ;008;BIRAČKO MJESTO BR. 8;PROSTORIJE MJESNOG ODBORA;ŠĆULAC BB;126;48;48;47;1;38;9
04;KARLOVAČKA ŽUPANIJA;općina;BARILOVIĆ;009;BIRAČKO MJESTO BR. 9;OPĆINSKA ZGRADA;PERJASICA 1;203;5;5;5;0;1;4
04;KARLOVAČKA ŽUPANIJA;općina;BARILOVIĆ;010;BIRAČKO MJESTO BR. 10;DVD SIČA;SIČA;146;63;63;62;1;57;5
04;KARLOVAČKA ŽUPANIJA;općina;BARILOVIĆ;011;BIRAČKO MJESTO BR. 11;KUĆA GRGINČIĆ JOSIPA;VIJENAC BARILOVIĆKI 2;45;21;21;21;0;21;0
04;KARLOVAČKA ŽUPANIJA;općina;BARILOVIĆ;012;BIRAČKO MJESTO BR. 12;ŠKOLA U BARILOVIĆKOM CEROVCU;BARILOVIĆKI CEROVAC 17;128;16;16;16;0;12;4
04;KARLOVAČKA ŽUPANIJA;općina;BOSILJEVO;001;BIRAČKO MJESTO BR. 1;BOSILJEVO - ZGRADA OPĆINE;ULICA ISELJENIKA BOSILJEVA 1;336;61;61;59;2;52;7
04;KARLOVAČKA ŽUPANIJA;općina;BOSILJEVO;002;BIRAČKO MJESTO BR. 2;GRABRK - VATROGASNI DOM;GRABRK 1;280;107;107;106;1;91;15
04;KARLOVAČKA ŽUPANIJA;općina;BOSILJEVO;003;BIRAČKO MJESTO BR. 3;PRIKUPLJE - VATROGASNI DOM;PRIBANJCI 50;389;84;84;84;0;50;34
04;KARLOVAČKA ŽUPANIJA;općina;BOSILJEVO;004;BIRAČKO MJESTO BR. 4;VODENA DRAGA - STANICA ZA OTKUP MLIJEKA;VODENA DRAGA BB;34;23;23;23;0;15;8
04;KARLOVAČKA ŽUPANIJA;općina;CETINGRAD;001;BIRAČKO MJESTO BR. 1;CETINGRAD - HRVATSKI DOM;TRG HRVATSKIH BRANITELJA 3, CETINGRAD;227;27;27;27;0;21;6
04;KARLOVAČKA ŽUPANIJA;općina;CETINGRAD;002;BIRAČKO MJESTO BR. 2;CETINGRAD - HRVATSKI DOM;TRG HRVATSKIH BRANITELJA 3, CETINGRAD;629;122;122;117;5;108;9
04;KARLOVAČKA ŽUPANIJA;općina;CETINGRAD;003;BIRAČKO MJESTO BR. 3;KUĆA IGORA VALENTIĆA;KRUŠKOVAČA 46;409;30;30;30;0;24;6
04;KARLOVAČKA ŽUPANIJA;općina;CETINGRAD;004;BIRAČKO MJESTO BR. 4;KUĆA IVANA RAKOCIJE;TATAR VAROŠ 118;203;54;54;53;1;52;1
04;KARLOVAČKA ŽUPANIJA;općina;CETINGRAD;005;BIRAČKO MJESTO BR. 5;KUĆA MIRKA SAMARDŽIJE;PAŠIN POTOK 172;364;52;52;51;1;47;4
04;KARLOVAČKA ŽUPANIJA;općina;DRAGANIĆ;001;BIRAČKO MJESTO BR. 1;UREDSKI KONTEJNER NA JAVNOJ POVRŠINI DOBRA;LAZINA BB;377;117;117;114;3;95;19
04;KARLOVAČKA ŽUPANIJA;općina;DRAGANIĆ;002;BIRAČKO MJESTO BR. 2;VATROGASNI DOM DRAGANIĆI;DRAGANIĆI 35;551;83;83;80;3;59;21
04;KARLOVAČKA ŽUPANIJA;općina;DRAGANIĆ;003;BIRAČKO MJESTO BR. 3;UREDSKI KONTEJNER NA JAVNOJ POVRŠINI SAP;BUDROVCI BB;616;106;106;105;1;78;27
04;KARLOVAČKA ŽUPANIJA;općina;DRAGANIĆ;004;BIRAČKO MJESTO BR. 4;VATROGASNI DOM MRZLJAKI-GOLJAK;MRZLJAKI 3;802;138;138;135;3;104;31
04;KARLOVAČKA ŽUPANIJA;općina;GENERALSKI STOL;001;BIRAČKO MJESTO BR. 1;ŠKOLA BUKOVLJE;GORNJE BUKOVLJE 22;239;55;55;54;1;44;10
04;KARLOVAČKA ŽUPANIJA;općina;GENERALSKI STOL;002;BIRAČKO MJESTO BR. 2;KUĆA DRAGANA KASUNIĆA, DUGA GORA;DUGA GORA 7;67;8;8;8;0;8;0
04;KARLOVAČKA ŽUPANIJA;općina;GENERALSKI STOL;003;BIRAČKO MJESTO BR. 3;"TRGOVINA ""HALAR""";ERDELJ 64;296;62;62;62;0;52;10
04;KARLOVAČKA ŽUPANIJA;općina;GENERALSKI STOL;004;BIRAČKO MJESTO BR. 4;DOM GENERALSKI STOL;GENERALSKI STOL 32;732;136;135;130;5;98;32
04;KARLOVAČKA ŽUPANIJA;općina;GENERALSKI STOL;005;BIRAČKO MJESTO BR. 5;DOM GORNJI ZVEČAJ;GORNJI ZVEČAJ BB;170;44;44;43;1;27;16
04;KARLOVAČKA ŽUPANIJA;općina;GENERALSKI STOL;006;BIRAČKO MJESTO BR. 6;ŠKOLA GORINCI;GORINCI 6;243;49;49;47;2;39;8
04;KARLOVAČKA ŽUPANIJA;općina;GENERALSKI STOL;007;BIRAČKO MJESTO BR. 7;ŠKOLA BREST;MREŽNIČKI BREST 23;163;25;25;25;0;18;7
04;KARLOVAČKA ŽUPANIJA;općina;GENERALSKI STOL;008;BIRAČKO MJESTO BR. 8;ŠKOLA LIPOV PESAK;LIPOV PESAK 3;237;49;49;48;1;33;15
04;KARLOVAČKA ŽUPANIJA;općina;JOSIPDOL;001;BIRAČKO MJESTO BR. 1;ZGRADA OPĆINE, JOSIPDOL;OGULINSKA 12;996;598;598;579;19;339;240
04;KARLOVAČKA ŽUPANIJA;općina;JOSIPDOL;002;BIRAČKO MJESTO BR. 2;ZGRADA DOMA ''SV. ANTUN'' U CAREVOM POLJU;CAREVO POLJE 41;138;74;74;73;1;53;20
04;KARLOVAČKA ŽUPANIJA;općina;JOSIPDOL;003;BIRAČKO MJESTO BR. 3;KUĆA JOSIPA BOŽIČEVIĆA, OŠTARIJE;ČAKOVAC 408;159;101;101;94;7;57;37
04;KARLOVAČKA ŽUPANIJA;općina;JOSIPDOL;004;BIRAČKO MJESTO BR. 4;PROSTORIJE ŠKOLE;MODRUŠ 28;117;83;83;80;3;74;6
04;KARLOVAČKA ŽUPANIJA;općina;JOSIPDOL;005;BIRAČKO MJESTO BR. 5;ZGRADA ŠKOLE U CEROVNIKU;CEROVNIK 30;141;90;90;87;3;65;22
04;KARLOVAČKA ŽUPANIJA;općina;JOSIPDOL;006;BIRAČKO MJESTO BR. 6;ZGRADA ŠKOLE;MUNJAVA MODRUŠKA 11 A;53;35;35;33;2;29;4
04;KARLOVAČKA ŽUPANIJA;općina;JOSIPDOL;007;BIRAČKO MJESTO BR. 7;STARA ŠKOLSKA ZGRADA U MODRUŠKIM SABLJACIMA;MODRUŠKI SABLJACI 19;32;20;20;20;0;18;2
04;KARLOVAČKA ŽUPANIJA;općina;JOSIPDOL;008;BIRAČKO MJESTO BR. 8;DRUŠTVENI DOM U VOJNOVCU;VOJNOVAC 5 A;115;59;59;58;1;43;15
04;KARLOVAČKA ŽUPANIJA;općina;JOSIPDOL;009;BIRAČKO MJESTO BR. 9;POSLOVNA ZGRADA, OŠTARIJE;OŠTARIJE 231;831;448;448;425;23;269;156
04;KARLOVAČKA ŽUPANIJA;općina;JOSIPDOL;010;BIRAČKO MJESTO BR. 10;"ZGRADA DOMA ""SVETI MARKO""";SKRADNIK 40;302;195;195;183;12;134;49
04;KARLOVAČKA ŽUPANIJA;općina;JOSIPDOL;011;BIRAČKO MJESTO BR. 11;DOM MIHALJEVIĆI, OŠTARIJE;MIHALJEVIĆI 121;115;86;86;83;3;53;30
04;KARLOVAČKA ŽUPANIJA;općina;KAMANJE;001;BIRAČKO MJESTO BR. 1 KAMANJE;OSNOVNA ŠKOLA KAMANJE;KAMANJE 111;378;105;105;102;3;46;56
04;KARLOVAČKA ŽUPANIJA;općina;KAMANJE;002;BIRAČKO MJESTO BR. 2 ORLJAKOVO;VATROGASNI DOM ORLJAKOVO;ORLJAKOVO 12 B;227;61;61;58;3;20;38
04;KARLOVAČKA ŽUPANIJA;općina;KAMANJE;003;BIRAČKO MJESTO BR. 3 BRLOG OZALJSKI;VATROGASNI DOM BRLOG OZALJSKI;BRLOG OZALJSKI 43;132;40;40;39;1;11;28
04;KARLOVAČKA ŽUPANIJA;općina;KRNJAK;001;BIRAČKO MJESTO BR. 1;ZGRADA OPĆINE KRNJAK;KRNJAK BR. 5;407;95;95;93;2;74;19
04;KARLOVAČKA ŽUPANIJA;općina;KRNJAK;002;BIRAČKO MJESTO BR. 2;LOVAČKI DOM;HRVATSKO ŽARIŠTE BR. 5;287;39;39;39;0;38;1
04;KARLOVAČKA ŽUPANIJA;općina;KRNJAK;003;BIRAČKO MJESTO BROJ 3;PODRUČNA ŠKOLA;DONJI BUDAČKI BB;315;61;61;60;1;54;6
04;KARLOVAČKA ŽUPANIJA;općina;KRNJAK;004;BIRAČKO MJESTO BR. 4;DRUŠTVENI DOM TRUPINJAK;PERIĆI BR. 16;127;13;13;12;1;11;1
04;KARLOVAČKA ŽUPANIJA;općina;KRNJAK;005;BIRAČKO MJESTO BR. 5;KUĆA MARKOVIĆ JOVANKE;ČATRNJA 27;296;28;28;27;1;17;10
04;KARLOVAČKA ŽUPANIJA;općina;LASINJA;001;BIRAČKO MJESTO BR. 1;SJENIČAK LASINJSKI, SJENIČAK LASINJSKI 206;"LOVAČKI DOM LD ""FAZAN"" BANSKI KOVAČEVAC";350;27;27;26;1;24;2
04;KARLOVAČKA ŽUPANIJA;općina;LASINJA;002;BIRAČKO MJESTO BR. 2;LASINJA, LASINJSKA CESTA 19;ZGRADA OPĆINE SOBA BROJ 1 NA I. KATU;176;24;24;24;0;15;9
04;KARLOVAČKA ŽUPANIJA;općina;LASINJA;003;BIRAČKO MJESTO BR. 3;LASINJA, LASINJSKA CESTA 19;ZGRADA OPĆINE SOBA BROJ 2 U PRIZEMLJU;508;100;100;95;5;80;15
04;KARLOVAČKA ŽUPANIJA;općina;LASINJA;004;BIRAČKO MJESTO BR. 4;DESNO SREDIČKO, DESNO SREDIČKO 42A;ZGRADA DRUŠTVENOG DOMA;143;17;17;16;1;10;6
04;KARLOVAČKA ŽUPANIJA;općina;LASINJA;005;BIRAČKO MJESTO BR. 5;DESNI ŠTEFANKI, DESNI ŠTEFANKI 103A;ZGRADA DRUŠTVENOG DOMA;194;20;20;20;0;19;1
04;KARLOVAČKA ŽUPANIJA;općina;NETRETIĆ;001;BIRAČKO MJESTO BR. 1;"ZGRADA OSNOVNE ŠKOLE ""NETRETIĆ"" - PRIZEMLJE";NETRETIĆ 1;109;36;36;36;0;33;3
04;KARLOVAČKA ŽUPANIJA;općina;NETRETIĆ;002;BIRAČKO MJESTO BR. 2;KUĆA TOMISLAVA MOŠKUN;ZAVRŠJE NETRETIĆKO 15A;59;24;24;24;0;16;8
04;KARLOVAČKA ŽUPANIJA;općina;NETRETIĆ;003;BIRAČKO MJESTO BR. 3;KUĆA DRAGUTINA KUŠAN;BRAJAKOVO BRDO 53;107;37;37;37;0;25;12
04;KARLOVAČKA ŽUPANIJA;općina;NETRETIĆ;004;BIRAČKO MJESTO BR. 4;ZGRADA PODRUČNE ŠKOLE DONJE STATIVE;DONJE STATIVE 1;185;52;52;51;1;25;26
04;KARLOVAČKA ŽUPANIJA;općina;NETRETIĆ;005;BIRAČKO MJESTO BR. 5;KUĆA ROŽIĆ PEPE;LONČAR BRDO 3;48;25;25;24;1;20;4
04;KARLOVAČKA ŽUPANIJA;općina;NETRETIĆ;006;BIRAČKO MJESTO BR. 6;VATROGASNI DOM KUNIĆI;KUNIĆI RIBNIČKI 26A;75;29;29;26;3;22;4
04;KARLOVAČKA ŽUPANIJA;općina;NETRETIĆ;007;BIRAČKO MJESTO BR. 7;VATROGASNI DOM PRILIŠĆE;SREDNJE PRILIŠĆE 4;167;47;47;45;2;29;16
04;KARLOVAČKA ŽUPANIJA;općina;NETRETIĆ;008;BIRAČKO MJESTO BR. 8;DOM KULTURE VUKOVA GORICA;VUKOVA GORICA 26;52;16;16;16;0;9;7
04;KARLOVAČKA ŽUPANIJA;općina;NETRETIĆ;009;BIRAČKO MJESTO BR. 9;KUĆA NIKOLE MARKUŠ;VINSKI VRH 7A;68;39;39;38;1;33;5
04;KARLOVAČKA ŽUPANIJA;općina;NETRETIĆ;010;BIRAČKO MJESTO BR. 10;ZGRADA MO KUČEVICE KOD KRIŽA;KUČEVICE BB;87;39;39;39;0;30;9
04;KARLOVAČKA ŽUPANIJA;općina;NETRETIĆ;011;BIRAČKO MJESTO BR. 11;ZGRADA PODRUČNE ŠKOLE NOVIGRAD;NOVIGRAD NA DOBRI 19;213;81;81;78;3;65;13
04;KARLOVAČKA ŽUPANIJA;općina;NETRETIĆ;012;BIRAČKO MJESTO BR. 12;ZGRADA PODRUČNE ŠKOLE JARČE POLJE;JARČE POLJE 18;257;45;45;44;1;34;10
04;KARLOVAČKA ŽUPANIJA;općina;NETRETIĆ;013;BIRAČKO MJESTO BR. 13;ZGRADA PODRUČNE ŠKOLE DUBRAVCI;DUBRAVČANI 50;377;67;67;67;0;43;24
04;KARLOVAČKA ŽUPANIJA;općina;NETRETIĆ;014;BIRAČKO MJESTO BR. 14;ZGRADA DRUŠTVENOG DOMA MRAČIN;MRAČIN 65;217;61;61;61;0;45;16
04;KARLOVAČKA ŽUPANIJA;općina;NETRETIĆ;015;BIRAČKO MJESTO BR. 15;DRUŠTVENI DOM SKUPICA;SKUPICA 36;160;48;48;48;0;36;12
04;KARLOVAČKA ŽUPANIJA;općina;NETRETIĆ;016;BIRAČKO MJESTO BR. 16;ZGRADA PODRUČNE ŠKOLE ZAGRADCI;ZAGRADCI 69;183;57;57;57;0;39;18
04;KARLOVAČKA ŽUPANIJA;općina;PLAŠKI;001;BIRAČKO MJESTO BR. 1;ZGRADA OPĆINE PLAŠKI;143. DOMOBRANSKE PUKOVNIJE BR. 5;692;150;150;148;2;67;81
04;KARLOVAČKA ŽUPANIJA;općina;PLAŠKI;002;BIRAČKO MJESTO BR. 2;ZGRADA OSNOVNE ŠKOLE PLAŠKI IZ PLAŠKOG;143. DOMOBRANSKE PUKOVNIJE 1 A;458;61;61;59;2;33;26
04;KARLOVAČKA ŽUPANIJA;općina;PLAŠKI;003;BIRAČKO MJESTO BR. 3;ZGRADA KNJIŽNICE I ČITAONICE PLAŠKI;SABORČANSKA 3;567;50;50;50;0;17;33
04;KARLOVAČKA ŽUPANIJA;općina;RAKOVICA;001;BIRAČKO MJESTO BR. 1;VATROGASNI DOM DVD-A RAKOVICA;RAKOVICA 29 C;715;133;133;132;1;112;20
04;KARLOVAČKA ŽUPANIJA;općina;RAKOVICA;002;BIRAČKO MJESTO BR. 2;VATROGASNI DOM DVD-A DREŽNIK GRAD;DREŽNIK GRAD 133;573;90;90;87;3;79;8
04;KARLOVAČKA ŽUPANIJA;općina;RAKOVICA;003;BIRAČKO MJESTO BR. 3;DJEČJI VRTIĆ U SELIŠTU DREŽNIČKOM;SELIŠTE DREŽNIČKO 1;460;76;76;73;3;65;8
04;KARLOVAČKA ŽUPANIJA;općina;RAKOVICA;004;BIRAČKO MJESTO BR. 4;DRUŠTVENI DOM U NOVOJ KRŠLJI;NOVA KRŠLJA 47 A;86;21;21;21;0;17;4
04;KARLOVAČKA ŽUPANIJA;općina;RAKOVICA;005;BIRAČKO MJESTO BR. 5;KUĆA MARICE RUPČIĆ, GRABOVAC;GRABOVAC 225;307;57;57;55;2;42;13
04;KARLOVAČKA ŽUPANIJA;općina;RIBNIK;001;BIRAČKO MJESTO BR. 1 RIBNIK;PROSTORIJE DVD-A RIBNIK, POTKROVLJE IZNAD GARAŽE;RIBNIK 2;129;39;39;37;2;15;22
04;KARLOVAČKA ŽUPANIJA;općina;RIBNIK;002;BIRAČKO MJESTO BR. 2 LIPNIK;PROSTORIJE DVD-A LIPNIK, STARA ŠKOLA U LIPNIKU;LIPNIK BB;110;34;34;30;4;19;11
04;KARLOVAČKA ŽUPANIJA;općina;RIBNIK;003;BIRAČKO MJESTO BR. 3 VESELIĆI;"PROSTORIJE LOVAČKOG DRUŠTVA ""SRNJAK"" U VESELIĆIMA";VESELIĆI 26;77;34;34;34;0;19;15
04;KARLOVAČKA ŽUPANIJA;općina;RIBNIK;004;BIRAČKO MJESTO BR. 4 GORNJA STRANICA;PRIVATNA KUĆA U VLASNIŠTVU MIRE STEPIĆ;GORNJA STRANICA 21;54;16;16;16;0;7;9
04;KARLOVAČKA ŽUPANIJA;općina;SABORSKO;001;BIRAČKO MJESTO BR. 1;PROSTORIJE OSNOVNE ŠKOLE PLAŠKI, PODRUČNE ŠKOLE U SABORSKOM;SABORSKO, ULICA CENTAR 54;535;112;112;112;0;98;14
04;KARLOVAČKA ŽUPANIJA;općina;TOUNJ;001;BIRAČKO MJESTO BR. 1;"PROSTORIJE KULTURNO-UMJETNIČKOG DRUŠTVA ""TOUNJČICA""";TOUNJ 26;317;71;71;71;0;64;7
04;KARLOVAČKA ŽUPANIJA;općina;TOUNJ;002;BIRAČKO MJESTO BR. 2;"OSNOVNA ŠKOLA ""KAMENICA SKRADNIČKA""";KAMENICA 55;196;48;48;48;0;40;8
04;KARLOVAČKA ŽUPANIJA;općina;TOUNJ;003;BIRAČKO MJESTO BR. 3;"OSNOVNA ŠKOLA ""LUCIJA CAPAN""";ZDENAC 45;226;48;48;48;0;39;9
04;KARLOVAČKA ŽUPANIJA;općina;TOUNJ;004;BIRAČKO MJESTO BR. 4;"OBJEKT ""BOĆARA""";BRLETIĆI BB;159;23;23;23;0;20;3
04;KARLOVAČKA ŽUPANIJA;općina;VOJNIĆ;001;BIRAČKO MJESTO BR. 1;UTINJA VRELO - KUĆA RADE BASARA;PODSEDLO 36;272;33;33;33;0;26;7
04;KARLOVAČKA ŽUPANIJA;općina;VOJNIĆ;002;BIRAČKO MJESTO BR. 2;KNEŽEVIĆ KOSA - KUĆA MILE MIHANOVIĆ;KNEŽEVIĆ KOSA 34;259;67;67;66;1;61;5
04;KARLOVAČKA ŽUPANIJA;općina;VOJNIĆ;003;BIRAČKO MJESTO BR. 3;BUKOVICA UTINJSKA - KUĆA JEKE BIJELIĆ;BUKOVICA UTINJSKA 27;99;7;7;6;1;4;2
04;KARLOVAČKA ŽUPANIJA;općina;VOJNIĆ;004;BIRAČKO MJESTO BR. 4;VOJIŠNICA - KUĆA DRAGANA VUKOBRATOVIĆ;VOJIŠNICA 99A;420;102;102;101;1;73;28
04;KARLOVAČKA ŽUPANIJA;općina;VOJNIĆ;005;BIRAČKO MJESTO BR. 5;RADONJA - KUĆA PAJIĆ NENADA;GORNJI VOJNIĆ 26;291;69;69;64;5;49;15
04;KARLOVAČKA ŽUPANIJA;općina;VOJNIĆ;006;BIRAČKO MJESTO BR. 6;VOJNIĆ - DOM KULTURE VOJNIĆ;ANDRIJE HEBRANGA 2;921;270;270;263;7;230;33
04;KARLOVAČKA ŽUPANIJA;općina;VOJNIĆ;007;BIRAČKO MJESTO BR. 7;KUPLJENSKO - KUĆA NAPIJALO MILANA;KUPLJENSKO 108;263;35;35;35;0;26;9
04;KARLOVAČKA ŽUPANIJA;općina;VOJNIĆ;008;BIRAČKO MJESTO BR. 8;KRSTINJA - ZGRADA POLJOPRIVREDNE ZADRUGE;KRSTINJA B.B.;230;20;20;20;0;14;6
04;KARLOVAČKA ŽUPANIJA;općina;VOJNIĆ;009;BIRAČKO MJESTO BR. 9;MIHOLJSKO - KUĆA MIRKO PAVLOVIĆ;MIHOLJSKO 60;148;17;17;17;0;9;8
04;KARLOVAČKA ŽUPANIJA;općina;VOJNIĆ;010;BIRAČKO MJESTO BR. 10;SVINICA KRSTINJSKA -  ZGRADA BIVŠE PODRUČNE ŠKOLE;SVINICA KRSTINJSKA B.B.;387;63;63;61;2;52;9
04;KARLOVAČKA ŽUPANIJA;općina;VOJNIĆ;011;BIRAČKO MJESTO BR. 11;ŠIROKA RIJEKA - KUĆA HUSEIN DELIĆ;ŠIROKA RIJEKA 9;174;47;47;47;0;39;8
04;KARLOVAČKA ŽUPANIJA;općina;VOJNIĆ;012;BIRAČKO MJESTO BR. 12;KESTENOVAC - ZGRADA BIVŠE ŠKOLE;KESTENOVAC B.B.;105;2;2;2;0;2;0
04;KARLOVAČKA ŽUPANIJA;općina;ŽAKANJE;001;BIRAČKO MJESTO BR. 1 BUBNJARCI;VATROGASNI DOM BUBNJARCI;BUBNJARCI;166;79;79;76;3;55;21
04;KARLOVAČKA ŽUPANIJA;općina;ŽAKANJE;002;BIRAČKO MJESTO BR. 2 JUROVSKI BROD;VATROGASNI DOM JUROVSKI BROD;JUROVSKI BROD;363;125;125;116;9;80;36
04;KARLOVAČKA ŽUPANIJA;općina;ŽAKANJE;003;BIRAČKO MJESTO BR. 3 JUROVO;VATROGASNI DOM JUROVO;JUROVO;73;55;55;51;4;37;14
04;KARLOVAČKA ŽUPANIJA;općina;ŽAKANJE;004;BIRAČKO MJESTO BR. 4 MIŠINCI;VATROGASNI DOM MIŠINCI;MIŠINCI;102;52;52;50;2;35;15
04;KARLOVAČKA ŽUPANIJA;općina;ŽAKANJE;005;BIRAČKO MJESTO BR. 5 BRIHOVO;VATROGASNI DOM BRIHOVO;BRIHOVO;138;58;58;56;2;34;22
04;KARLOVAČKA ŽUPANIJA;općina;ŽAKANJE;006;BIRAČKO MJESTO BR. 6 ŽAKANJE;VATROGASNI DOM ŽAKANJE;ŽAKANJE;189;70;70;69;1;50;19
04;KARLOVAČKA ŽUPANIJA;općina;ŽAKANJE;007;BIRAČKO MJESTO BR. 7 BREZNIK ŽAKANJSKI;KUĆA MIJE BOLDIN;BREZNIK ŽAK. KBR. 13;23;10;10;8;2;5;3
04;KARLOVAČKA ŽUPANIJA;općina;ŽAKANJE;008;BIRAČKO MJESTO BR. 8 KOHANJAC;VATROGASNI DOM KOHANJAC;KOHANJAC;79;31;31;30;1;22;8
04;KARLOVAČKA ŽUPANIJA;općina;ŽAKANJE;009;BIRAČKO MJESTO BR. 9 ZALUKA LIPNIČKA;VATROGASNI DOM ZALUKA LIPNIČKA;ZALUKA LIPNIČKA;102;55;55;55;0;43;12
04;KARLOVAČKA ŽUPANIJA;općina;ŽAKANJE;010;BIRAČKO MJESTO BR. 10 PRAVUTINA;VATROGASNI DOM PRAVUTINA;PRAVUTINA;184;82;82;81;1;63;18
04;KARLOVAČKA ŽUPANIJA;općina;ŽAKANJE;011;BIRAČKO MJESTO BR. 11 VELIKA PAKA;VATROGASNI DOM VELIKA PAKA;VELIKA PAKA;107;49;49;45;4;31;14
04;KARLOVAČKA ŽUPANIJA;općina;ŽAKANJE;012;BIRAČKO MJESTO BR. 12 MOŠANCI;VATROGASNI DOM MOŠANCI;MOŠANCI;51;16;16;16;0;14;2
